DPR412_classification,construction_year,degree_days,floors,net_area,heat_loss_surface,heated_usable_area,cooled_usable_area,heated_gross_volume,cooled_gross_volume,total_opaque_surface,total_glazed_surface,average_opaque_surface_transmittance,average_glazed_surface_transmittance,yie,Cm,surface_to_volume_ratio,Asol,system_type,nominal_power,installation_year,QHnd,total_effective_ventilation_flow,ventilation_type,air_changes,Interfloor,system_performance,corridor,aereo,air_changes_max
8,1970,3396,0.0,164.15,579.5,164.15,0.0,650.7,0.0,456.07,34.71,1.3732,4.1645,0.8877,40927.14,0.8906,0.06,0,31.1,2006.0,71669.34,3903.07,0,2.65,3.964057264696924,0.624,1234.5142648173469,5.471666666666667,14.984647302904566
4,1900,3224,0.0,145.38,623.28,224.66,0.0,930.86,0.0,391.82,46.72,1.1469,2.2575,0.02,107029.61,0.6696,0.04,1,49.19,2021.0,35139.31,309.93,0,0.5,4.143416718596991,0.827,1739.4694749619923,7.488666666666666,14.33599467159401
4,1970,2978,1.0,330.04,555.74,330.04,0.0,1367.34,0.0,497.19,58.54,0.2677,3.3538,0.0266,53367.34,0.4064,17.15,2,175.0,2006.0,39378.22,495.06,0,0.5,4.142952369409768,0.715,2549.3562989686943,11.001333333333331,14.337601474395546
13,1990,3014,,5583.85,11462.75,5583.85,0.0,26820.03,0.0,10790.58,791.12,0.8681,3.1165,0.3282,1842434.0,0.4274,215.44,1,870.67,1990.0,928963.58,11106.9551,2,3.44,4.8031429927379845,0.699,47851.14826618751,186.12833333333336,12.366902274158532
13,1934,3182,0.0,646.5599,1848.66,646.56,0.0,3413.05,0.0,1686.94,209.72,1.1553,4.6224,0.2052,305034.2,0.5416,50.21,1,104.08,2008.0,191078.5,0.0,0,0.32,5.27878309824301,0.701,5964.943636116435,21.552,11.252593428165422
5,2008,3096,,305.79,1002.88,305.79,0.0,1173.54,0.0,950.48,52.4,0.3138,1.4243,0.0325,165476.0,0.8546,20.75,1,112.8,2016.0,26595.77,0.0,0,1.2165,3.8377317767095063,0.697,2237.592962771989,10.193,15.477892530292962
8,1985,3227,0.0,193.35,578.58,193.35,0.0,797.57,0.0,460.44,14.81,2.9856,2.7,0.1254,27971.95,0.7254,7.39,0,110.0,1985.0,124133.87,4532.1859,0,7.1031,4.125006464959918,0.642,1493.977267456895,6.444999999999999,14.399977431448022
4,1900,3091,0.0,183.86,547.56,183.86,183.86,787.8,787.8,524.3,23.26,0.9102,2.0762,0.1379,90346.63,0.695,8.06,1,34.1,2021.0,22047.41,0.0,0,0.5031,4.284781899271184,0.767,1460.905043372232,6.128666666666667,13.863015993907084
13,1950,3449,0.0,333.77,2429.56,878.72,0.0,4566.04,0.0,2171.99,257.57,1.3445,2.0868,0.1864,351025.17,0.5321,0.05,0,201.0,2012.0,230561.14,2055.1827,0,4.0,5.196239985433357,0.579,8004.129495150099,29.290666666666667,11.43134269520197
4,1900,2863,0.0,385.0,1001.67,385.0,385.0,2144.33,2144.33,978.95,22.72,1.1003,1.7,0.0086,109050.25,0.4671,11.14,5,45.59,2012.0,81705.35,1929.192,0,0.6674,5.569688311688312,0.768,3708.490150206383,12.833333333333334,10.664869679573574
5,1992,2928,123.0,1986.0,2821.2,1986.0,0.0,6852.0,0.0,2466.06,355.14,1.0853,2.8202,0.3256,333053.1,0.4117,0.03,1,414.0,2017.0,258476.68,1.828,0,1.10453376,3.4501510574018126,0.855,13441.6527787536,66.2,17.216637478108584
13,1995,2904,,658.89,2127.46,658.89,658.89,2702.62,2702.62,1998.4,153.66,0.6523,1.3479,0.4872,94147.83,0.7872,53.11,1,228.58,2020.0,80458.66,0.0,0,0.3226,4.1017772314043315,0.745,5040.839827818244,21.963,14.481527554743176
11,1900,2939,1.0,126.84,310.5,126.84,0.0,610.43,0.0,521.37,6.54,0.7615,3.0748,0.1776,30367.74,0.5087,0.03,0,24.0,2002.0,17865.53,2796.33,0,1.09,4.812598549353516,0.796,1102.6728344077503,4.228,12.342604393624168
13,1930,2939,,1831.52,4519.44,1831.52,0.0,10963.92,0.0,4159.76,359.68,1.054,4.0748,0.1488,1228139.0,0.4122,175.9,1,288.9,2007.0,382495.63,0.0,0,0.9102,5.98624093648991,0.736,18597.71314141412,61.050666666666665,9.922754635203468
4,1980,2885,1.0,313.3,656.65,313.3,0.0,1080.88,0.0,601.0,39.3,1.7145,2.0881,0.41,105649.5,0.6075,0.04,1,110.5,2020.0,69584.36,469.95,0,0.5,3.4499840408554103,0.739,2129.125611037295,10.443333333333332,17.217470949596628
8,1970,3424,0.0,123.0,571.57,123.0,0.0,443.45,0.0,468.43,24.42,2.1274,3.3067,1.0491,25638.3,1.2889,0.07,1,24.0,2018.0,69490.28,563.85,0,0.97,3.605284552845528,2.529,868.1057761391567,4.1,16.475814635246365
13,1985,2939,,1546.45,4714.04,1546.45,0.0,6988.42,0.0,4645.44,68.6,0.6721,3.8761,0.5172,777817.9,0.6746,35.15,19,485.45,2002.0,230936.43,2182.5872,2,1.1782,4.519008050696757,0.894,12676.09803190403,51.54833333333333,13.144477578622922
13,2000,2939,,711.8201,2389.09,711.82,0.0,3090.18,0.0,2258.03,131.06,0.7836,2.9503,0.1799,394200.1,0.7731,79.65,1,169.12,2007.0,128182.94,0.0,0,0.3552,4.341237953415189,0.788,5672.7813882788505,23.727333333333338,13.68273304467701
13,1980,2885,1.0,393.0,817.62,393.0,0.0,1355.85,0.0,753.4,44.0,2.3232,3.1124,0.45,131571.0,0.603,0.02,1,110.5,2020.0,145787.55,589.5,0,0.5,3.4499999999999997,0.882,2668.1267441860464,13.1,17.217391304347828
5,1999,2904,,371.2,812.78,371.2,371.2,1499.2,1499.2,729.91,116.35,0.8371,3.7144,0.0854,97867.59,0.5421,20.33,0,52.2,1999.0,47098.74,0.0,0,0.368,4.038793103448276,0.578,2813.877619620422,12.373333333333331,14.70736392742796
8,1870,3086,0.0,338.75,1406.43,338.75,0.0,1948.68,0.0,1362.44,40.45,1.1351,2.6587,0.1018,241072.59,0.7217,0.02,1,460.0,2008.0,226954.92,6342.9337,1,5.3498647770223,5.752560885608856,0.656,3348.143031494036,11.291666666666666,10.325835950489562
5,1990,2864,1.0,2840.0,5521.7,2840.0,0.0,10652.4,0.0,5022.98,498.72,0.9612,3.7977,0.1402,678237.3,0.5184,0.02,1,589.0,2017.0,445121.53,2.7095,0,1.5570368,3.750845070422535,0.882,20356.778116606612,94.66666666666669,15.8364312267658
13,1900,2975,,274.22,790.86,274.22,0.0,1347.29,0.0,754.63,36.23,0.884,5.6303,0.063,130490.5,0.587,11.25,1,90.2,2020.0,72666.92,0.0,0,0.64,4.91317190576909,0.646,2404.2066475002534,9.140666666666668,12.089949454089322
4,1960,2939,0.0,74.14,205.45,74.14,0.0,303.48,0.0,149.53,14.73,1.0844,4.028,0.5523,17844.45,0.677,0.02,1,204.8,2017.0,11648.28,184.4,0,0.49,4.093336930132183,0.96,577.269313115978,2.4713333333333334,14.51138790035587
13,1990,3108,,8671.28,14644.23,8745.49,0.0,42579.7,0.0,13250.63,1393.6,0.9966,3.3408,0.4616,3419997.0,0.3439,111.5,1,2030.22,2010.0,1426804.81,57183.7461,2,0.918,4.86876092706069,0.643,75702.20403471917,291.5163333333333,12.20022935812136
8,1930,3028,0.0,108.43,481.22,108.43,0.0,507.92,0.0,349.96,27.51,1.681,4.0222,0.3889,31387.65,0.9474,0.1,1,33.7,2019.0,68660.53,3152.74,0,6.39,4.684312459651387,0.772,925.790999394458,3.6143333333333336,12.680622932745312
13,1965,2894,0.0,207.77,643.98,207.77,0.0,1044.8,0.0,461.45,48.36,0.2454,1.6352,0.0385,64308.53,0.6164,0.09,31,243.4,1994.0,30861.57,1755.66,0,1.12,5.0286374356259325,0.687,1857.5156022293584,6.925666666666667,11.812344946401227
4,1818,3062,0.0,1332.99,3569.25,1332.99,0.0,6591.5,0.0,2644.21,248.75,1.3143,2.9118,0.2,385748.66,0.5415,0.03,1,227.4,2009.0,296512.62,2123.16,0,0.5,4.944898311315163,0.695,11686.479733693634,44.433,12.012380490025034
13,1980,3191,,232.08,1432.83,646.97,0.0,2821.62,0.0,1342.42,115.29,0.2083,1.1227,0.0125,240118.4,0.5078,9.95,5,44.55,2023.0,46259.86,5090.011,1,0.64,4.361284139913751,0.72,5174.50455009416,21.56566666666667,13.619841793012526
4,1999,2939,,2719.379,12472.6,2719.38,0.0,14579.62,0.0,10894.49,1578.12,0.7188,3.5372,0.548,2057981.0,0.8555,263.76,19,1418.49,1999.0,780761.2,0.0,0,0.6369,5.36137649022939,0.815,25337.027230245883,90.646,11.079244315009582
4,1970,3346,,102.26,348.51,102.26,0.0,457.92,0.0,329.84,33.8,1.6365,2.4637,0.0984,71459.45,0.7611,3.78,1,23.8,2021.0,42326.55,0.0,0,0.5056,4.4779972618814785,0.765,845.1609685298305,3.408666666666667,13.264858490566038
7,1850,2866,0.0,120.76,257.02,120.76,0.0,538.25,0.0,233.02,24.0,1.8183,3.5281,0.0543,84052.34,0.4775,10.7,0,27.86,2001.0,27362.53,0.0,0,0.81,4.457187810533289,0.7,992.2168347494294,4.025333333333333,13.326788666976316
4,1988,2997,0.0,920.4,2229.85,1024.24,122.94,4399.06,472.9,2086.47,202.28,0.8622,4.9063,0.0982,318316.5,0.5069,44.96,0,104.0,2005.0,181066.75,0.0,0,0.4895,4.294950402249473,0.644,8093.514928726129,34.141333333333336,13.830194632489668
13,1975,2928,,5965.22,6844.72,5965.22,0.0,26787.29,0.0,5709.09,1135.63,1.2374,4.0765,0.2727,2001087.0,0.2555,360.24,1,993.78,2022.0,1131894.99,0.0,0,0.64,4.490578721321259,0.792,48631.38072841203,198.84066666666664,13.227693730870126
8,1800,3079,0.0,164.149,437.05,164.15,0.0,755.55,0.0,389.25,34.53,1.5768,2.8739,0.4857,46940.76,0.5785,10.67,1,24.0,2010.0,59229.98,621.772,3,1.0153,4.602802314955833,0.57,1376.2304999681232,5.471666666666667,12.905181655747471
4,1930,2866,0.0,827.994,1784.43,827.99,0.0,3175.81,0.0,1419.84,45.71,1.8539,3.1056,0.7514,262872.34,0.5619,25.54,1,264.5,2004.0,214313.69,5490.1831,0,0.5911,3.835565646928103,0.668,6036.689100041559,27.599666666666668,15.486633646219392
4,1950,3365,,1019.93,1907.57,1019.93,0.0,4784.83,0.0,1774.81,214.08,1.2216,3.4114,0.2614,465464.0,0.3987,54.46,1,278.0,2020.0,180412.48,0.0,0,0.5711,4.691331758061828,0.717,8599.74244488659,33.99766666666667,12.66164983917924
4,1900,2975,,2214.19,6731.71,2763.47,0.0,14762.14,0.0,6186.22,545.49,0.8918,4.2351,0.0666,1376390.0,0.456,205.53,0,440.6,1989.0,611884.54,0.0,0,0.3807,5.3418853832319515,0.663,25675.686198785355,92.11566666666666,11.119669505911746
13,1942,3239,,120.04,1389.93,445.62,445.62,2517.79,2517.79,1292.5,97.43,1.2086,2.5959,0.3628,229337.1,0.552,21.47,1,73.27,2017.0,119297.7,0.0,0,0.64,5.650083030384632,0.857,4337.786373122161,14.854,10.513119839224084
4,1990,2904,,464.62,1090.83,464.62,464.62,1875.26,1875.26,1015.11,103.93,1.2464,1.4275,0.4635,96578.75,0.5817,15.34,1,34.02,2022.0,67519.33,0.0,0,0.3312,4.0361155352761395,0.792,3517.3308272259833,15.487333333333334,14.717120825912142
4,1900,3236,1.0,192.19,575.42,192.19,0.0,856.45,0.0,542.23,28.22,1.4229,2.9535,0.0508,110430.92,0.6719,0.03,1,23.8,2018.0,56842.38,293.4411,0,0.555194487422871,4.456267235548156,0.783,1570.9688792260245,6.406333333333333,13.32954171288458
6,2017,3254,0.0,328.25,1095.04,328.25,328.25,1528.7,1528.7,1045.29,76.25,0.4079,1.7827,0.1118,147843.9,0.7163,13.52,1,34.0,2017.0,35775.87,0.0,0,1.7168,4.657121096725057,0.797,2762.17407646847,10.941666666666666,12.754660822921435
4,1953,2997,0.0,110.52,646.11,291.66,0.0,1272.35,0.0,499.65,41.67,0.9018,1.2,0.3922,87437.93,0.5078,0.04,1,72.6,2012.0,47348.03,912.73,0,1.34,4.3624425701158875,0.727,2340.3535292607353,9.722,13.616225095296103
13,1995,2939,,503.17,1515.19,503.17,0.0,2062.19,0.0,1422.8,146.84,1.1223,2.8967,0.5047,174247.8,0.7347,42.89,1,46.89,2004.0,124387.57,0.0,0,1.3198,4.098396168293022,0.781,3850.133250520383,16.772333333333332,14.493474413123913
13,1980,2939,,1450.62,4133.19,1450.62,0.0,7463.64,0.0,3905.0,228.19,0.6275,3.0858,0.2656,826153.3,0.5538,130.46,19,200.0,2002.0,225606.52,0.0,0,0.3924,5.145137941018324,0.856,13104.34285568352,48.354,11.544879978133991
13,1900,2975,,2934.88,5242.47,3106.22,151.37,15641.06,717.13,4604.65,637.82,1.074,3.4421,0.0849,865006.8,0.3352,239.52,0,659.0,1997.0,593596.0,0.0,0,0.64,5.035399939476277,0.673,27587.95658741533,103.54066666666668,11.796481056910466
7,1980,2850,,368.14,1166.4,368.14,0.0,1430.59,0.0,1100.83,87.51,0.6046,3.2104,0.3091,192454.8,0.8153,16.22,0,79.44,1998.0,59670.86,0.0,0,6.732,3.885994458629869,0.663,2715.3210841510836,12.271333333333333,15.285662558804413
13,1900,3294,0.0,1075.53,2347.69,1075.53,0.0,5705.74,0.0,1671.61,254.8,1.9929,2.938,0.46,527417.55,0.4115,0.08,1,113.0,2009.0,315503.1,2016.81,0,0.5,5.305049603451321,0.77,9949.714761213454,35.851,11.19687928296768
13,1930,3025,0.0,795.61,2441.23,795.61,795.61,4448.79,4448.79,2264.53,227.41,0.7027,3.6989,0.1222,446447.4,0.5487,73.18,1,282.54,2017.0,164215.4,0.0,0,0.497,5.5916717989969955,0.795,7669.232922373734,26.520333333333333,10.622941069369425
8,1967,3273,0.0,200.55,559.5,200.55,0.0,856.83,0.0,449.42,24.58,1.0186,1.9342,0.1205,42716.19,0.653,0.02,1,27.3,2019.0,122941.34,6043.47,0,5.5,4.272400897531788,0.953,1589.0048771112,6.6850000000000005,13.903189664227444
4,1900,3028,1.0,417.51,1123.93,417.51,0.0,2055.56,0.0,1019.2,123.2,0.485,1.0803,0.0921,240264.3,0.5468,7.74,1,69.06,2023.0,43796.42,0.0,0,0.64,4.923379080740581,0.824,3658.5035480949346,13.917,12.06488450835782
8,1972,3484,0.0,113.28,383.09,113.28,0.0,575.17,0.0,309.6,19.08,1.2927,4.1199,0.2008,30621.38,0.6661,5.37,1,29.0,2010.0,80375.02,3979.32,0,5.3,5.077418785310734,0.829,1027.1265199218235,3.776,11.698857729019249
4,1970,2870,0.0,146.56,457.23,146.56,0.0,830.55,0.0,348.48,45.33,0.9468,3.8794,0.09,45931.45,0.55,0.12,1,182.0,2016.0,25384.23,315.11,0,0.5,5.666962336244541,0.788,1441.3794916598963,4.8853333333333335,10.481806032147372
6,1920,3085,1.0,395.27,1146.84,395.27,0.0,2325.95,0.0,1008.1,138.74,0.8386,2.6319,0.1156,243068.8,0.4931,39.35,1,95.1,2022.0,136255.14,0.0,0,4.1663,5.884458724416222,0.763,3973.806321909682,13.175666666666666,10.09438637975881
13,1973,3085,0.0,1432.65,3668.77,1432.65,1432.65,5792.21,5792.21,3399.27,396.02,1.3559,0.96,0.4694,629090.2,0.6334,158.52,31,348.16,2004.0,320406.47,0.0,0,1.499,4.043004222943496,0.7,10833.597772358751,47.755,14.692045005274329
13,2000,3197,,2649.04,2635.68,2649.04,226.28,8834.55,734.43,2308.33,327.35,0.8832,3.601,0.268,805602.8,0.2983,58.61,1,571.52,2022.0,470600.27,0.0,0,0.64,3.3350006039923894,0.784,17518.724071579418,88.30133333333333,17.811091227057407
13,1980,2868,0.0,1076.416,2329.92,1076.42,0.0,3044.0,0.0,2091.24,235.4,0.4793,2.0628,0.0741,499875.8,0.7654,73.34,0,383.0,1998.0,151368.53,0.0,0,16.9714,2.8278924583341074,0.737,6395.221506832367,35.88066666666667,21.0050420499343
13,2005,3110,,1454.69,3500.78,1454.69,0.0,8342.79,0.0,3330.06,170.72,0.7165,1.8882,0.3742,680080.6,0.4196,35.22,1,148.8,2017.0,199280.9,0.0,0,0.3379,5.735098199616414,1.076,14287.115294598852,48.48966666666667,10.357276882194084
4,1950,3110,,832.0999,1725.52,832.1,0.0,3772.97,0.0,1593.85,156.14,0.5335,1.2787,0.0039,519026.5,0.4573,21.62,1,107.25,2017.0,55378.66,0.0,0,0.4851,4.534274726595361,0.869,6843.887630381337,27.736666666666668,13.100220780976262
7,1900,3166,0.0,102.24,350.86,102.24,0.0,542.05,0.0,333.02,17.84,1.7095,2.5741,0.046,92347.4,0.6473,5.95,0,24.4,2001.0,34848.54,0.0,0,1.0661,5.301741001564945,0.683,959.7622772682608,3.408,11.20386680195554
6,1936,3062,0.0,109.93,495.76,109.93,0.0,520.59,0.0,452.03,43.73,0.2476,1.2203,0.0209,12614.86,0.9523,3.18,1,24.0,2024.0,6903.81,0.0,0,0.3199,4.735649959064859,0.88,946.0825312725434,3.6643333333333334,12.543156802858295
4,1985,3194,3.0,522.21,1046.93,522.21,0.0,2159.18,0.0,973.69,70.01,0.6476,0.8653,0.0366,153195.1,0.4849,0.01,1,285.0,2018.0,51063.66,781.2489,0,0.453346544917848,4.13469676949886,0.795,4020.7416872077215,17.407,14.366228846136035
13,1970,3197,1.0,692.18,1725.0,692.18,0.0,2700.0,0.0,1646.92,145.29,1.4463,4.6701,0.62,302492.69,0.6389,0.11,0,206.0,2000.0,222666.36,1028.84,0,0.5,3.9007194660348463,0.717,5108.742623514383,23.072666666666667,15.22796
6,1900,3294,0.0,274.81,1064.55,274.81,0.0,1707.8,0.0,888.77,19.5,2.1041,0.94,0.4,151203.53,0.6233,0.01,1,97.2,2020.0,133938.77,659.54,0,0.5,6.21447545576944,0.787,2890.0666046618817,9.160333333333334,9.558328844126947
7,2005,2961,0.0,1091.29,3366.98,1091.29,0.0,8601.9,0.0,3133.13,233.85,1.0474,2.9405,0.0868,626002.4,0.3914,82.84,0,210.28,2005.0,295931.67,0.0,0,0.64,7.882322755637823,0.664,13853.07882873203,36.376333333333335,7.535849754124089
4,1960,2864,0.0,751.98,1936.99,751.98,0.0,2776.88,0.0,1763.1,260.16,1.8047,3.1591,1.0916,374697.2,0.6975,94.48,1,111.02,2018.0,229023.97,0.0,0,0.5189,3.6927577861113328,0.783,5339.960288862209,25.066,16.085539166258535
4,1970,2939,0.0,107.2,363.44,107.2,107.2,448.02,448.02,284.4,14.7,0.8696,2.6497,0.5972,24154.16,0.8112,0.01,1,34.8,2017.0,15758.89,266.64,0,0.49,4.179291044776119,0.824,841.749035925026,3.5733333333333333,14.21293692245882
6,1700,2939,1.0,168.03,949.13,168.03,0.0,841.45,0.0,681.83,14.89,0.5218,2.0145,0.0162,73411.99,1.128,7.42,1,47.4,2007.0,17268.99,423.3587,0,0.7947,5.007736713682081,0.682,1500.3702644046125,5.601,11.86164596826906
4,1900,3012,0.0,300.0,162.24,300.0,0.0,945.0,0.0,155.58,66.5,0.821,1.0,0.041,24114.9,0.1717,24.33,0,33.74,2010.0,12618.3,758.4768,0,0.8026,3.15,0.789,1918.2872093023257,10.0,18.857142857142858
4,1994,2981,0.0,255.8,764.56,255.8,0.0,1300.14,0.0,719.64,50.1,0.3525,3.1435,0.0112,180596.8,0.5881,17.52,2,195.0,1997.0,15617.03,0.0,0,0.994,5.0826426896012515,0.597,2302.00978853392,8.526666666666667,11.686833725598785
4,1970,3294,0.0,64.42,188.51,64.42,64.42,270.77,270.77,149.76,14.28,0.8812,4.4951,0.3643,14110.65,0.6962,5.47,0,27.5,2015.0,13192.14,334.09,0,1.02,4.203197764669357,0.851,512.9632367048607,2.1473333333333335,14.132097351996158
13,1960,2939,,1267.54,2074.37,1267.54,0.0,6360.05,0.0,1741.83,530.24,0.8111,4.8987,0.2996,562194.2,0.3262,229.08,1,680.34,2018.0,189896.56,0.0,0,0.3553,5.0176325796424575,0.763,11236.543285335829,42.251333333333335,11.83825221499831
4,1953,2975,0.0,74.45,182.81,74.45,0.0,364.12,0.0,126.47,19.74,1.6108,5.7701,1.2003,24613.83,0.5021,0.15,0,309.1,2010.0,17420.92,185.69,0,0.41,4.890799194089993,0.621,661.1854983574638,2.481666666666667,12.145254311765354
6,1948,2894,0.0,491.48,1581.68,491.48,0.0,2108.56,0.0,1907.62,88.15,0.9123,2.2054,0.4759,127689.16,0.7501,28.16,1,75.5,2022.0,159956.32,3107.82,0,2.14,4.290225441523561,0.76,3887.252381750928,16.38266666666667,13.84542626247297
4,1900,3283,0.0,60.99,193.75,60.99,0.0,243.31,0.0,131.18,5.39,1.387,3.088,0.3,28646.2,0.8,0.01,1,32.7,2018.0,10482.19,82.33,0,0.5,3.989342515166421,0.868,468.2899655299954,2.033,14.889671612346389
4,1900,3283,0.0,54.66,198.19,54.66,0.0,226.23,0.0,137.84,3.36,1.2641,3.091,0.16,28399.7,0.88,0.01,1,32.7,2018.0,8114.91,73.79,0,0.5,4.138858397365532,0.864,432.2747147269803,1.822,14.351783583079168
4,1948,2894,0.0,114.45,267.06,114.45,0.0,480.7,0.0,439.45,26.03,0.5413,1.0,0.3309,33961.32,0.5556,7.38,1,30.6,2022.0,12776.31,167.45,0,0.5,4.200087374399301,0.726,901.0649908053684,3.815,14.142562929061787
13,1998,3062,3.0,204.74,1411.24,833.2,0.0,3837.26,0.0,1298.17,105.51,0.8735,2.1277,0.0239,163941.7,0.3678,0.02,0,105.0,2002.0,124455.57,2506.0176,2,4.08,4.605448871819491,0.708,6932.200222584451,27.773333333333333,12.89776559315762
11,1900,2939,0.0,125.67,312.64,125.67,0.0,641.66,0.0,499.92,26.71,0.8965,3.0799,0.0417,31139.62,0.4872,0.06,0,24.0,2002.0,17990.41,2770.39,0,1.09,5.105912310018302,0.78,1142.6623105734657,4.189,11.633572296855032
4,1970,2939,1.0,89.68,245.13,89.68,0.0,370.82,0.0,189.43,13.59,0.8054,2.679,0.5972,20493.02,0.6611,0.02,0,23.0,2003.0,13954.11,223.06,0,0.48,4.134924174843889,0.798,700.7905089586403,2.9893333333333336,14.36543875734858
4,1970,2847,0.0,165.07,172.8,165.07,0.0,574.8,0.0,363.32,19.08,0.8521,4.1298,0.3076,22615.0,0.3006,11.8,0,24.0,2005.0,21989.52,411.0322,0,0.83,3.4821590840249588,0.689,1133.858337717191,5.5023333333333335,17.05838204592902
4,1980,3148,1.0,223.02,805.43,223.02,0.0,1050.06,0.0,761.27,44.16,0.2791,1.9126,0.0025,150854.2,0.767,9.0,1,32.0,2013.0,28653.3,0.0,0,0.5055,4.70836696260425,0.706,1896.5506822831617,7.434,12.615839094908864
4,1940,3254,0.0,888.1,1790.17,888.1,0.0,3930.85,0.0,1692.16,148.11,1.6366,7.9356,0.4045,529515.9,0.4554,26.41,1,105.74,2013.0,305154.94,0.0,0,0.5358,4.426134444319334,0.679,7175.186155270943,29.603333333333335,13.420288232824964
5,1975,2928,,1067.53,2142.45,1067.53,0.0,4445.31,0.0,1941.87,200.58,1.281,4.556,0.1731,353504.9,0.482,86.73,1,147.6,2015.0,175798.53,0.0,0,0.64,4.164107800249174,0.727,8248.41627688912,35.58433333333333,14.264760387914452
13,1978,2961,0.0,1722.87,5101.78,2563.69,2563.69,13032.51,13032.51,4663.61,438.17,1.0257,4.8506,0.4745,1282159.0,0.3915,187.07,1,404.06,2019.0,615257.28,0.0,0,0.64,5.083496834640694,0.681,22936.655374224854,85.45633333333333,11.68487006723954
4,1967,3071,1.0,346.78,995.79,346.78,0.0,1641.88,0.0,925.32,114.49,0.5109,1.3928,0.0062,206926.4,0.6065,6.46,1,28.94,2010.0,36861.97,0.0,0,0.4851,4.7346444431628125,0.786,2953.3898248023565,11.559333333333331,12.54582064462689
7,1942,3105,,189.78,546.52,189.78,0.0,919.87,0.0,525.0,21.52,0.9581,1.8852,0.1245,120657.5,0.5941,1.17,4,24.0,2023.0,39594.73,0.0,0,2.808,4.847033407102962,0.767,1651.4888521592934,6.326,12.254918629806388
4,1940,3110,,959.7803,1792.86,959.78,0.0,4474.8,0.0,1655.53,137.33,1.3277,3.6227,0.2975,445046.2,0.4007,41.35,1,107.25,2017.0,143888.76,0.0,0,0.5508,4.662318447977662,0.771,8056.190211157887,31.992666666666665,12.740442477876108
13,1970,3168,1.0,521.11,1524.5,521.11,0.0,2391.75,0.0,1440.64,83.86,0.5903,3.9861,0.3623,610062.17,0.6374,0.04,1,342.0,2016.0,263945.93,1523.1575,0,0.85447936085468,4.589721939705628,0.712,4329.821026284233,17.370333333333335,12.941960489181564
6,1975,2900,1.0,287.85,586.58,287.85,287.85,1345.57,1345.57,539.28,47.3,1.2278,5.3973,0.5653,161130.8,0.4359,24.35,1,85.69,2019.0,129118.03,0.0,0,4.2514,4.674552718429737,0.738,2430.676293814204,9.595,12.70709810712189
6,1985,3268,0.0,231.75,1970.14,632.04,0.0,4671.78,0.0,1641.17,225.27,1.6037,5.9655,1.9435,88260.71,0.4217,82.71,5,104.8,2022.0,461540.2,8683.68,0,2.08,7.391589139927853,0.895,7618.184999977922,21.068,8.036160949359774
4,1971,3012,0.0,132.28,502.68,132.28,132.28,547.51,547.51,347.37,56.24,1.9498,3.6213,0.6783,29578.63,0.9181,0.18,4,25.0,2015.0,34396.61,334.43,2,0.5,4.139023283943151,0.568,1028.5243566735348,4.4093333333333335,14.351211850011872
8,1970,3282,,126.1,541.78,126.1,0.0,674.11,0.0,520.03,21.75,0.2099,0.8817,0.1137,78557.98,0.8037,3.21,2,40.4,2002.0,32884.11,0.0,0,0.64,5.3458366375892155,0.673,1187.5787502228452,4.203333333333333,11.111450653454185
6,2008,2847,0.0,350.62,498.0,350.62,0.0,2013.29,0.0,872.54,47.97,0.6491,1.4,0.1186,45808.6,0.2474,25.82,1,70.0,2008.0,147231.04,10913.2579,0,5.1876,5.742085448633849,0.803,3459.930597431173,11.687333333333331,10.344673643638028
13,1989,2961,0.0,267.39,581.21,267.39,0.0,1077.69,0.0,530.6,50.61,1.4108,4.7807,0.3532,125334.0,0.5393,28.27,1,171.15,2012.0,60346.17,4273.208,2,1.0906,4.030405026365982,0.725,2027.3198197302604,8.913,14.737972886451576
13,1970,2945,1.0,1015.498,2093.99,1015.5,0.0,4179.71,0.0,2039.26,54.73,1.3564,5.1303,0.7959,296114.33,0.501,33.97,0,291.0,2000.0,204546.88,4922.6436,0,2.9392,4.115913343180699,0.698,7781.60836018458,33.85,14.43179072232284
8,2021,3062,0.0,151.37,501.76,151.37,0.0,698.56,0.0,457.7,44.06,0.2258,1.1663,0.0152,104884.2,0.7183,3.74,5,38.67,2021.0,64479.39,4274.6875,1,11.3413,4.614917090572768,0.696,1272.6397125120284,5.0456666666666665,12.871303825011454
4,1970,3197,,640.54,1693.29,640.54,640.54,3268.81,3268.81,1603.88,192.35,1.6306,3.8867,0.2095,282458.0,0.518,52.4,1,110.0,2018.0,180994.73,0.0,0,0.6009,5.103209791738221,0.809,5759.07691619692,21.351333333333333,11.639733113885482
8,2005,3123,0.0,310.55,1103.4,310.55,0.0,1580.21,0.0,897.83,84.65,0.6311,2.1575,0.2541,64161.76,0.6983,35.62,31,48.4,2023.0,99542.16,7212.67,0,2.04,5.088423764289164,0.728,2793.866589122325,10.351666666666668,11.67355604634827
13,1995,2939,,396.9099,1263.29,396.91,0.0,1674.71,0.0,1156.66,106.63,1.0814,3.0694,0.2322,145279.1,0.7543,40.51,1,38.99,2004.0,102757.31,0.0,0,1.3196,4.2193696303948,0.701,3104.0380313718047,13.230333333333334,14.077932298726347
4,1989,2870,,1105.39,2086.23,1105.39,1105.39,4237.34,4237.34,1951.7,217.31,1.0401,4.6239,0.4737,231086.2,0.4923,64.69,1,176.6,2018.0,173425.05,0.0,0,4.9811,3.833343887677652,0.763,8052.013907632026,36.846333333333334,15.4956095097396
13,1970,2991,0.0,1973.41,4135.94,1973.41,0.0,9833.53,0.0,3730.06,405.88,0.9911,1.9682,0.8091,449752.5,0.4206,65.13,19,300.0,2008.0,335358.28,0.0,0,0.64,4.983014173435829,0.587,17394.395166551316,65.78033333333333,11.920495895166844
4,1960,2847,0.0,74.1,128.4,74.1,0.0,307.56,0.0,205.78,15.82,0.8891,3.3,0.3441,12511.46,0.4175,8.81,0,22.0,2007.0,12820.34,184.5126,0,0.83,4.150607287449393,0.677,582.7946125600225,2.47,14.311158798283262
8,1920,3483,1.0,151.95,443.15,151.95,0.0,597.84,0.0,314.39,22.8,1.2629,1.955,0.16,56035.65,0.7413,0.06,1,20.5,2018.0,25198.77,210.14,0,0.5,3.934452122408687,0.761,1137.559402878854,5.0649999999999995,15.097400642312325
13,1980,3148,1.0,310.83,885.68,310.83,0.0,1503.81,0.0,825.55,60.13,0.3448,2.5537,0.052,177183.7,0.589,15.7,1,33.6,2013.0,41982.45,0.0,0,0.8955,4.838046520606119,0.797,2691.854372119958,10.361,12.277682685977616
11,1989,3294,0.0,772.72,2365.21,772.72,0.0,4121.39,0.0,2041.64,126.26,1.9625,3.1407,0.58,350737.2,0.5739,0.05,0,190.0,1998.0,179942.68,1714.73,0,0.5,5.333613728129206,0.724,7182.419135758032,25.757333333333335,11.136914487587925
13,1915,3182,,1868.86,4996.81,1868.86,0.0,14222.61,0.0,4323.71,708.67,1.0512,3.5352,0.1328,833501.8,0.3513,223.07,0,626.23,1992.0,669776.62,0.0,0,0.64,7.61031323908693,0.726,23028.263962973073,62.29533333333333,7.805197780154275
13,1990,2870,,2584.91,5736.19,2584.91,0.0,13160.35,0.0,5273.39,462.8,0.67,3.733,0.4869,1227644.0,0.4359,227.48,1,566.17,1990.0,387010.84,0.0,0,1.8841,5.0912217446642245,0.732,23153.026300892907,86.16366666666666,11.667140615561136
13,1970,3168,0.0,201.18,533.32,201.18,0.0,945.05,0.0,497.23,36.09,1.2768,1.0,0.3328,610062.17,0.5643,0.09,1,342.0,2016.0,263945.93,588.031,0,0.919728807775031,4.697534546177552,0.712,1709.2695028633389,6.706,12.644930956034074
13,1961,2997,0.0,804.23,2061.19,804.23,0.0,3126.24,0.0,1928.42,132.77,1.1346,3.19,0.8124,281279.9,0.6593,71.84,1,146.86,2019.0,189996.13,0.0,0,0.9229,3.887246185792621,0.86,5919.362901348074,26.807666666666663,15.28074044219254
13,1700,3022,0.0,49.82,2839.6,1288.91,0.0,4830.81,0.0,2756.93,82.66,1.2299,3.0708,0.2755,250430.08,0.5878,29.05,1,237.2,2013.0,271702.59,7424.1216,0,1.98617940199336,3.747980852037768,0.795,9239.96650069565,42.96366666666667,15.848533475752516
5,1900,3327,0.0,343.5,813.93,343.5,343.5,1270.71,1270.71,763.87,60.94,1.4896,3.939,0.2408,230362.1,0.6405,14.08,1,53.46,2010.0,107222.78,0.0,0,0.64,3.699301310043668,0.704,2448.2965085812934,11.45,16.057086195906226
4,1970,3079,0.0,316.88,1073.51,316.88,0.0,1251.09,0.0,870.37,83.49,1.4054,3.2122,0.7906,86669.09,0.8581,0.11,0,86.9,2009.0,137775.7,0.0,0,1.01,3.9481507195152736,0.619,2365.3095684376153,10.562666666666669,15.045018344004028
8,2019,3012,0.0,137.03,447.98,137.03,0.0,808.13,0.0,292.22,20.26,0.9655,1.7622,0.0038,42945.23,0.5543,0.04,1,30.3,2018.0,33580.88,3149.58,0,2.23,5.897467707801211,0.749,1391.566279092396,4.567666666666667,10.072119584720282
4,1900,3422,0.0,496.0,1031.2,496.0,0.0,1874.92,0.0,730.64,60.48,1.5267,3.118,0.31,67490.0,0.55,0.02,31,31.0,2019.0,118144.2,792.8,0,0.5,3.7800806451612905,0.907,3583.977761315329,16.533333333333335,15.713950461886371
6,1972,3209,0.0,344.74,844.71,344.74,0.0,1426.3,0.0,781.22,76.83,1.7456,4.9833,0.3289,216596.7,0.5922,28.08,31,146.56,2018.0,183957.11,0.0,0,5.4709,4.1373208795033936,0.733,2659.7457610881224,11.491333333333332,14.357117016055527
13,1990,2975,1.0,620.13,2169.49,620.13,0.0,3092.13,0.0,1991.16,178.33,1.1385,3.0205,0.4509,357966.0,0.7016,85.92,1,79.7,2017.0,204853.9,0.0,0,0.9567,4.986260945285666,0.691,5479.010178184694,20.671,11.912733940681663
13,1990,3012,,559.4,2097.5,559.4,0.0,2361.07,0.0,1921.24,222.14,0.9639,3.8425,0.4285,356763.7,0.8884,68.97,1,91.27,2015.0,162702.28,0.0,0,0.5391,4.2207186271004655,0.781,4370.620605493706,18.646666666666665,14.07343280800654
13,1950,3012,,1040.85,1910.95,1040.85,0.0,4727.42,0.0,1699.21,259.99,1.3216,3.2235,0.1828,459678.2,0.4042,88.73,1,219.18,2020.0,224516.25,1368.71,1,0.9603,4.541884037085075,0.72,8567.99301645234,34.695,13.078273138413763
8,1700,2939,0.0,123.01,337.3,123.01,123.01,527.75,527.75,232.97,18.79,0.8974,4.5992,0.1043,23687.59,0.6391,0.03,1,24.0,2011.0,31516.58,2781.45,0,2.78,4.2903016014958135,0.762,982.5824551920844,4.100333333333333,13.845180483183327
13,2003,2930,1.0,461.47,1510.09,461.47,0.0,2197.57,0.0,1440.75,69.34,0.1947,1.1053,0.0074,249163.1,0.6872,14.44,1,31.8,2022.0,39205.42,3688.4377,1,2.016,4.762108046026827,0.803,3942.442680727229,15.382333333333332,12.473467511842626
13,1974,2997,0.0,1753.02,3462.04,2042.89,0.0,9142.92,0.0,3070.65,431.13,1.3683,4.3366,0.2784,598640.2,0.3787,177.01,1,287.43,2018.0,474442.48,0.0,0,1.5228,4.475483261458033,0.764,16622.32993815647,68.09633333333333,13.272309721620664
11,2001,2910,,1237.6,4230.68,1237.6,0.0,11900.68,0.0,3990.3,240.38,0.612,3.7462,0.3571,698061.0,0.3555,79.89,2,819.61,2012.0,318631.87,0.0,0,1.2019,9.615934065934066,0.792,18573.090902972992,41.25333333333333,6.1772470144563165
4,1980,3066,0.0,851.86,1938.19,851.86,0.0,3657.12,0.0,1777.79,262.06,0.9288,1.613,0.6018,489252.6,0.53,20.92,1,110.9,2017.0,171931.12,0.0,0,3.7659,4.293099805132298,0.767,6731.434183136326,28.395333333333333,13.836156319726998
4,1960,3040,1.0,227.65,631.9,227.65,0.0,1005.5,0.0,578.94,68.64,0.3553,3.4861,0.1382,127287.6,0.6284,36.3,1,23.74,2017.0,21404.0,0.0,0,0.4774,4.416867999121458,0.802,1846.2765729896123,7.588333333333334,13.448443560417704
13,1950,3012,,2256.96,2782.96,2256.96,0.0,9828.02,0.0,2432.26,350.7,1.5415,5.7459,0.0495,565168.54,0.2832,0.02,19,250.0,2019.0,430928.83,6501.5736,0,0.830166390778098,4.354538848716858,0.594,17998.422376236074,75.232,13.64093927362785
6,1996,3348,0.0,25.3,731.17,218.41,0.0,1130.7,0.0,629.79,101.38,1.2264,3.3224,0.5705,120642.6,0.6467,45.07,31,43.81,1996.0,138615.73,0.0,0,0.64,5.176960761869878,0.631,1995.5059985646792,7.280333333333333,11.473913504908465
5,1990,3149,,420.97,1325.29,420.97,420.97,1759.87,1759.87,1252.99,72.3,0.9551,4.4074,0.54,205418.2,0.7531,35.89,1,115.78,2005.0,82492.64,0.0,0,0.54,4.1805116754163,0.746,3269.5048683595824,14.032333333333334,14.208787012677076
4,1700,2943,0.0,49.73,269.89,49.73,0.0,285.12,0.0,261.48,6.03,1.6055,3.2216,0.468,40776.37,0.9466,0.01,1,23.8,2010.0,26435.34,67.6366,0,0.773278071626467,5.733360144781822,0.779,504.9156618296943,1.6576666666666666,10.360416666666666
11,1980,2924,0.0,430.13,1397.74,430.13,0.0,2215.12,0.0,1365.26,40.26,0.2825,1.8397,0.0257,32831.68,0.631,0.0,1,93.75,2003.0,38330.68,0.0,0,0.4176,5.149884918513007,0.685,3899.2241508795696,14.337666666666667,11.534238325688902
5,1875,3128,,5795.97,12320.11,5795.97,1769.93,28545.32,8579.22,11673.37,646.74,0.8194,2.8686,0.2498,2745490.0,0.4316,282.18,1,1016.4,2000.0,820558.66,479.1336,2,0.64,4.9250289425238565,0.69,50610.67175349424,193.199,12.060842828176389
13,2012,2910,,1274.83,2498.05,1274.83,0.0,5250.0,0.0,2398.05,100.0,0.6801,1.4774,0.1576,412177.2,0.4758,18.78,2,819.61,2012.0,201804.03,0.0,0,0.9752,4.118196151643748,0.83,9769.54505357121,42.49433333333333,14.423790857142858
4,1900,3012,,192.02,1185.26,256.72,0.0,1368.36,0.0,1143.88,56.26,1.5778,2.7873,0.3678,208074.1,0.8662,15.06,1,116.16,2020.0,101181.81,0.0,0,0.32,5.330165160486132,0.754,2395.7021233884348,8.557333333333334,11.144119968429363
13,1920,3012,,702.77,1622.88,702.77,0.0,3116.12,0.0,1496.74,157.72,1.2335,2.8613,0.145,354733.0,0.5208,15.39,0,111.83,2009.0,162671.71,706.8672,2,2.6552,4.434053815615351,0.752,5688.073246718164,23.425666666666665,13.39631914046956
4,1970,3096,1.0,720.59,1427.92,720.59,720.59,2833.24,2833.24,1148.36,59.02,1.4664,2.9618,0.2689,130892.23,0.504,0.04,0,105.0,1991.0,131552.97,1813.82,0,0.5,3.931833636325788,0.654,5347.934183079519,24.01966666666667,15.10745506910816
13,2020,2866,,114.73,514.15,114.73,0.0,521.46,0.0,477.72,51.27,0.8536,2.3637,0.1325,72982.95,0.986,13.27,1,24.0,2017.0,28619.04,410.8406,1,1.1844,4.545105900810599,0.772,957.052294446618,3.8243333333333336,13.069002416292715
12,2005,2847,0.0,56.24,868.25,242.35,0.0,993.89,0.0,824.23,98.14,0.4478,3.6174,0.0557,143262.7,0.8736,12.59,0,28.44,2005.0,30938.03,0.0,0,0.368,4.101052197235403,0.7,1861.642148839768,8.078333333333333,14.484087776313274
5,1955,2895,0.0,2622.89,5478.33,2622.89,0.0,12545.39,0.0,5062.85,415.48,0.3253,1.68,0.0514,919415.4,0.4367,154.89,1,261.84,2012.0,208706.87,7665.7847,1,1.2,4.783040844259577,0.922,22414.2978822227,87.42966666666666,12.418877850748364
4,1900,3020,0.0,52.92,159.71,52.92,0.0,262.84,0.0,251.42,6.79,2.0549,4.6578,0.0539,42376.26,0.6076,0.02,1,22.9,2017.0,19965.08,0.0,0,4.00000000000001,4.966742252456537,0.77,479.80844381163314,1.764,11.959549535839294
11,1926,2924,0.0,409.04,1333.97,409.04,0.0,2450.56,0.0,1254.85,108.05,0.9819,3.7459,0.5054,220101.5,0.5444,38.84,1,560.0,2019.0,106563.64,0.0,0,0.3011,5.991003324858204,0.754,4170.054250284652,13.634666666666668,9.914866805954558
5,1975,3182,,282.91,688.91,282.91,282.91,1104.68,1104.68,648.65,69.39,1.7755,3.6564,0.5169,165790.8,0.6236,12.47,0,45.04,1991.0,87624.77,0.0,0,0.552,3.9047046763988544,0.916,2096.495896974933,9.430333333333332,15.21241807582286
13,1907,2847,1.0,1022.14,1682.31,1022.14,0.0,4851.85,0.0,2029.63,47.04,1.9328,3.3158,0.1246,180747.34,0.3467,14.61,31,900.0,2008.0,287626.29,8676.77,0,1.04,4.746756804351655,0.724,8694.04848746732,34.071333333333335,12.513807310613476
10,1950,2855,,1190.99,4495.63,1853.13,1853.13,10618.31,10618.31,4261.37,273.9,0.6746,4.4761,0.2256,741782.0,0.4234,88.69,1,471.28,2020.0,370259.73,0.0,0,2.72,5.729932600519121,0.755,18182.868790049622,61.771,10.366614084538876
13,1975,3012,,277.46,902.07,277.46,0.0,1107.96,0.0,842.13,59.94,0.3983,5.5035,0.4038,148838.3,0.8142,30.49,1,86.44,2020.0,48383.07,0.0,0,0.7276,3.99322424854033,0.78,2089.3475797223655,9.248666666666669,14.875197660565362
13,1950,3012,,2395.15,4350.83,2395.15,0.0,11494.58,0.0,3932.92,582.4,1.1642,3.096,0.2821,1282214.0,0.3785,167.12,1,391.96,2020.0,416791.5,429.5434,2,0.4954,4.799106527774878,0.744,20520.71212578488,79.83833333333334,12.37730391193067
13,1978,3012,0.0,402.56,810.83,402.56,0.0,1518.23,0.0,667.46,143.37,0.3874,4.9058,0.4038,202827.7,0.5341,16.34,0,78.01,1995.0,77138.54,0.0,0,0.4851,3.77143779809221,0.711,2906.2740033167574,13.418666666666669,15.749961468288731
6,1900,3365,0.0,722.76,2423.78,722.76,0.0,4930.72,0.0,1973.34,158.08,1.8707,5.344,0.29,374355.71,0.4916,0.07,1,175.6,2023.0,232782.97,2091.95,0,0.5,6.822070950246278,0.751,8157.938150835235,24.092,8.707033455560241
11,1950,2928,0.0,127.02,333.17,127.02,0.0,581.18,0.0,405.76,24.51,1.0175,1.8943,0.1339,28132.58,0.5733,0.07,1,32.0,2018.0,12281.1,1578.41,0,0.68,4.5754999212722405,0.84,1063.350840849088,4.234,12.982187962421282
4,2001,3014,0.0,784.22,1281.04,784.22,784.22,4146.61,4146.61,1201.18,79.86,2.1844,3.6988,0.4562,516965.9,0.3089,37.08,0,91.3,2001.0,202674.06,0.0,0,0.8447,5.287559613373798,0.716,7240.779733103688,26.140666666666668,11.233915897564517
13,1974,2997,0.0,1012.24,2043.87,1012.24,0.0,5343.46,0.0,1730.87,328.62,0.4262,2.4731,0.0251,484811.2,0.3825,131.84,1,142.33,2012.0,124906.3,0.0,0,0.9495,5.278846913775389,0.845,9329.713129888614,33.74133333333334,11.25245739651836
4,1980,3108,,1395.78,2349.5,1395.78,0.0,5656.2,0.0,2123.96,289.17,1.1798,3.2129,0.6011,572558.1,0.4154,169.37,1,145.2,2015.0,167478.33,0.0,0,0.4588,4.052357821433177,0.64,10572.5370734643,46.526,14.658133022170365
13,1975,3113,,6169.509,12169.81,6169.51,0.0,30262.06,0.0,11375.85,793.96,0.7571,2.7357,0.3389,2062730.0,0.4021,503.08,1,1161.08,2021.0,1014665.85,19581.4688,2,1.2291,4.9050994325319195,0.63,53707.48746884024,205.65033333333335,12.109846256335487
4,1994,2909,0.0,152.33,473.48,152.33,0.0,840.56,0.0,443.44,34.79,0.8713,3.2428,0.2371,112818.8,0.5633,2.87,1,23.81,2009.0,33551.82,0.0,0,0.448,5.518020087966913,0.754,1466.7586339073114,5.077666666666667,10.764730655753308
6,1960,2910,0.0,167.5,472.45,167.5,0.0,825.88,0.0,337.98,24.76,1.3901,3.2299,0.3522,50725.71,0.5721,0.07,1,24.42,2017.0,37733.24,1275.47,0,1.22,4.930626865671642,0.748,1478.2326557908136,5.583333333333333,12.047149706979225
6,1990,2999,1.0,378.08,1227.56,378.08,0.0,2037.3,0.0,1144.06,83.5,0.5682,2.8,0.193,54632.65,0.6025,0.05,0,70.0,2003.0,191866.96,6601.6378,0,4.08018145884477,5.388542107490478,0.752,3550.273533299215,12.602666666666666,11.02338978059196
13,2003,3149,1.0,1098.1899,3996.1,1216.1,0.0,6568.16,0.0,3914.35,81.74,0.7601,2.8743,0.5513,489543.89,0.6084,0.03,0,289.0,2003.0,166196.95,0.0,2,0.858738281114098,5.401003206973111,0.643,11403.919443729446,40.53666666666666,10.997956809821927
13,1975,3028,0.0,178.14,669.33,178.14,0.0,843.33,0.0,628.92,55.51,0.2251,1.2553,0.0154,103823.7,0.7937,3.05,1,29.98,2020.0,16406.47,1103.0428,2,1.8764,4.734085550690469,0.613,1523.9217915357922,5.938,12.547301767991176
13,1960,3108,,2808.95,4584.09,2808.95,0.0,11819.26,0.0,3944.6,639.49,0.9892,3.464,0.5967,898771.0,0.3878,181.41,0,481.88,2000.0,516183.72,0.0,0,0.3639,4.207714626461845,0.669,21846.80740744527,93.63166666666666,14.1169269480492
5,1880,3424,1.0,1007.9,2232.85,1007.9,0.0,4951.9,0.0,2101.7,131.15,1.1165,3.8218,0.0009,283999.5,0.4509,0.04,0,292.2,1990.0,411726.82,1.0013,0,1.29953744688608,4.913086615735688,0.683,8797.149337366585,33.596666666666664,12.090159332781358
5,1950,3108,,275.54,736.89,275.54,0.0,1104.48,0.0,695.85,41.04,1.0684,4.5812,0.2211,149623.5,0.6672,22.86,1,54.96,2015.0,46579.33,0.0,0,0.5786,4.008419830151702,0.729,2080.6006083276648,9.184666666666669,14.818807040417212
7,1974,2997,0.0,189.42,630.14,189.42,0.0,1146.08,0.0,560.14,74.25,0.5094,2.4731,0.0052,103972.7,0.5498,31.91,1,142.33,2012.0,21878.1,0.0,0,0.6316,6.050469855347904,0.849,1955.9338901861984,6.313999999999999,9.817419377355858
12,1975,3365,0.0,164.68,604.88,164.68,0.0,598.93,0.0,489.66,37.62,1.7965,2.496,0.5,74117.84,1.0099,0.05,1,112.24,2021.0,62095.68,228.91,0,0.5,3.636932232207918,0.751,1165.6525021229804,5.489333333333334,16.332446195715693
13,1900,2975,,234.49,786.59,234.49,0.0,1360.26,0.0,711.53,75.06,0.9258,3.4272,0.0519,129786.4,0.5783,33.92,1,90.2,2020.0,73229.08,0.0,0,0.8645,5.800929677171734,0.642,2338.23557972919,7.816333333333334,10.239737991266376
4,1930,3119,0.0,368.57,1178.31,368.57,0.0,2077.51,0.0,758.9,112.83,1.0486,2.6837,0.0864,114443.32,0.5672,35.26,1,116.0,2014.0,78485.8,1858.61,0,0.78,5.636676886344522,0.765,3584.063131434228,12.285666666666666,10.538124004216586
8,2000,2862,0.0,613.7499,2216.65,613.75,613.75,4350.97,4350.97,2147.45,97.88,0.3073,1.9552,0.0523,365747.4,0.5095,25.49,1,171.15,2023.0,63665.04,1250.0,2,0.64,7.089156822810591,0.993,7149.973594499441,20.458333333333332,8.378993649691907
11,1989,2961,0.0,636.57,1958.6,636.57,0.0,4857.3,0.0,1829.02,129.58,1.1368,4.9108,0.3532,323169.0,0.4032,69.21,1,171.15,2012.0,166347.39,4273.208,2,3.44,7.630425561996324,0.66,7876.058951104595,21.219,7.784624791550861
8,2022,2935,0.0,133.58,320.09,133.58,133.58,497.39,497.39,262.44,60.99,0.3933,4.3387,0.0145,78365.72,0.6435,31.39,19,150.0,2023.0,51884.82,0.0,0,6.1776,3.7235364575535255,0.948,963.262857434676,4.452666666666667,15.952576449064114
7,1950,2975,,553.7999,1113.65,553.8,0.0,2715.69,0.0,996.61,117.04,0.9541,3.5843,0.2555,226612.1,0.4101,45.43,1,105.0,2022.0,107892.01,0.0,0,0.7364,4.903737811484291,0.747,4833.384701806546,18.459999999999997,12.113208797764104
12,1985,3012,,151.51,662.34,151.51,0.0,715.36,0.0,624.22,38.12,0.9063,4.3497,0.3252,109283.9,0.9259,14.66,1,104.3,2020.0,82107.13,0.0,0,3.44,4.721536532242097,0.749,1295.662361534711,5.050333333333333,12.580650301945871
12,1980,3365,0.0,353.81,999.07,353.81,0.0,1278.15,0.0,789.54,31.79,1.6692,3.08,0.45,160411.98,0.7817,0.03,1,74.7,2022.0,119826.56,466.64,0,0.5,3.6125321500240246,0.728,2480.2545731942582,11.793666666666669,16.44276023940852
4,1990,3111,0.0,430.99,1027.86,430.99,430.99,2106.59,2106.59,957.52,70.34,0.1734,2.009,0.1482,272919.4,0.4879,6.68,2,50.0,2003.0,25215.87,0.0,0,0.9241,4.887793220260331,0.908,3755.591209118146,14.366333333333332,12.152723595953647
4,1961,2997,1.0,70.22,213.38,70.22,0.0,241.49,0.0,194.93,23.37,1.5836,3.4775,0.7271,49178.88,0.8836,8.74,1,146.86,2019.0,22513.9,0.0,0,0.616,3.439048704072914,0.888,484.174975569583,2.3406666666666665,17.27221831131724
13,1927,2910,,905.5399,2208.35,905.54,0.0,5094.59,0.0,1988.22,220.13,0.703,1.6551,0.0168,364379.1,0.4335,17.28,2,819.61,2012.0,151922.5,0.0,0,0.3885,5.626024250723326,0.824,8768.15822779093,30.184666666666665,10.55807749004336
7,1900,2869,,234.16,725.91,284.62,0.0,1417.33,0.0,689.45,52.82,1.1044,5.3661,0.4084,138543.5,0.5122,11.16,0,70.48,1990.0,55980.37,118.25,1,0.7307,4.979727355772609,0.59,2520.286003772744,9.487333333333334,11.92836389549364
13,1963,3066,0.0,808.27,5083.32,2889.99,0.0,17828.63,0.0,4702.71,380.61,0.8026,2.7896,0.4881,1318783.0,0.2851,190.26,1,340.0,2015.0,375724.1,1426.9932,1,0.3398,6.1690974709255055,0.811,30040.457447451532,96.333,9.628636973227891
13,1970,3012,,934.61,2226.88,934.61,934.61,4498.29,4498.29,2043.57,368.75,1.1425,1.7303,0.4175,620493.1,0.4951,53.59,1,206.22,2011.0,181436.51,1657.221,2,0.64,4.813012914477697,0.76,8033.524852696922,31.153666666666663,12.341541785878634
4,1859,3156,2.0,314.038,1258.38,314.04,0.0,1869.63,0.0,873.44,31.81,1.6703,3.6858,0.2535,77274.28,0.6731,17.55,0,78.1,1990.0,85380.29,553.3123,0,0.5,5.953477264042797,0.731,3189.903222489803,10.468,9.977362365815695
4,2002,2939,1.0,217.81,769.49,217.81,217.81,836.5,836.5,652.78,24.22,1.4935,2.8,0.4311,49356.8,0.9199,11.07,0,27.62,2002.0,60833.01,1717.8286,0,2.2534,3.8405031908544145,0.754,1597.9322847663618,7.260333333333333,15.466723251643756
11,1981,3086,,991.84,3121.07,991.84,991.84,8059.71,8059.71,2803.65,317.42,0.5096,3.0041,0.2078,575817.4,0.3872,125.16,31,658.0,2015.0,254637.63,0.0,0,3.44,8.126018309404742,0.85,12915.800380509609,33.06133333333334,7.309853084043967
5,1980,2996,,2172.01,3123.76,2377.81,2377.81,8751.87,8751.87,2787.14,494.24,0.3593,1.3399,0.0093,888724.1,0.3569,32.7,18,329.14,2010.0,302329.51,26690.9102,1,2.8174,3.680643112780248,0.621,16822.90727817555,79.26033333333334,16.138484003990005
13,2021,2923,0.0,603.14,1832.14,603.14,0.0,3569.5,0.0,1791.1,47.2,0.2833,1.5058,0.11,284936.5,0.5133,0.02,1,570.0,2022.0,72267.44,1618.93,0,0.5,5.9181947806479425,0.807,6081.5534990706265,20.104666666666667,10.03684437596302
13,1870,2902,,590.76,3525.02,1407.42,1407.42,6101.27,6101.27,3266.96,305.76,0.7088,3.7466,0.0803,581627.5,0.5778,73.04,5,404.01,2015.0,323647.41,0.0,0,1.2229,4.335074107231672,0.666,11191.986772709291,46.914,13.70218790514106
4,1940,3085,1.0,474.47,1405.63,474.47,0.0,2369.22,0.0,1309.18,96.45,1.594,2.5005,0.4626,231933.4,0.5933,32.03,31,199.0,2017.0,92215.35,0.0,0,1.1794,4.993403165637448,0.791,4200.119511822493,15.815666666666669,11.895694785625652
11,1996,3116,0.0,1040.17,3711.63,1040.17,0.0,8839.37,0.0,3328.42,227.04,0.6511,3.1995,0.0748,272740.19,0.4199,0.09,5,148.55,2020.0,64363.3,0.74,0,0.36,8.49800513377621,1.937,14060.990682067995,34.672333333333334,6.989875749063565
4,1963,3066,0.0,244.34,473.27,244.34,0.0,952.66,0.0,424.58,48.69,1.0789,2.7741,0.2588,136083.9,0.4968,26.09,1,34.2,2012.0,23626.32,0.0,0,0.64,3.898911353032659,0.579,1810.3663464621984,8.144666666666668,15.235021938571998
4,1900,3062,,1351.97,3841.91,1440.32,0.0,6997.67,0.0,3631.03,280.34,1.5152,3.8542,0.227,991261.2,0.549,91.2,1,478.04,2000.0,340338.62,0.0,0,0.3268,4.8584134081315264,0.617,12459.912604565478,48.010666666666665,12.22621358252104
13,1927,2910,,577.02,1544.63,577.02,0.0,3217.02,0.0,1408.79,135.84,0.424,1.3821,0.0215,254863.9,0.4801,6.69,2,819.61,2012.0,66268.73,0.0,0,0.7289,5.57523136113133,0.791,5554.059182455487,19.234,10.654266370740622
4,1910,3209,0.0,237.67,726.28,237.67,0.0,907.03,0.0,672.7,80.38,1.1273,3.7591,0.0991,119836.2,0.8007,12.87,31,45.31,2018.0,75512.15,0.0,0,4.6113,3.816341986788404,0.733,1734.8528244099778,7.922333333333333,15.564642845330363
13,1940,3012,,451.41,1287.09,451.41,0.0,2599.26,0.0,1169.77,137.27,0.9485,3.9741,0.0255,281615.2,0.4952,42.55,1,219.64,2021.0,107608.42,546.5613,2,0.427,5.758091313883166,0.77,4459.259622778858,15.047,10.315918376768773
6,1990,3012,,104.42,489.51,104.42,0.0,515.98,0.0,461.51,53.68,1.1874,3.5618,0.5037,80768.76,0.9487,10.23,1,33.74,2020.0,66768.71,1370.0,2,4.494,4.9413905382110705,0.605,928.6361095991292,3.4806666666666666,12.020907787123532
4,1800,3307,0.0,319.24,1032.22,319.24,319.24,1510.83,1510.83,976.23,61.8,0.7994,2.0454,0.0774,261676.0,0.6832,7.45,1,53.46,2020.0,71842.58,0.0,0,1.0635,4.732583636135822,0.78,2719.087053233989,10.641333333333334,12.551283731458868
13,1970,2850,1.0,785.2599,1620.15,785.26,785.26,3280.99,3280.99,1454.61,293.02,0.4006,2.3717,0.0482,288673.2,0.4938,45.51,2,953.72,2018.0,42735.5,0.0,0,0.3254,4.178221226090721,0.841,6085.541020267419,26.175333333333334,14.216576094410527
13,2021,2866,0.0,886.13,1871.69,886.13,0.0,4491.67,0.0,1301.42,162.65,0.1622,1.3103,0.0144,173921.21,0.4167,0.03,5,65.4,2020.0,48428.91,7879.71,2,1.25,5.068861228036519,0.945,7920.613637947676,29.537666666666667,11.718608446301708
13,1950,3327,0.0,440.0,1170.63,440.0,440.0,2067.42,2067.42,1031.72,189.62,1.2304,2.6263,0.1251,319875.8,0.5662,51.73,1,148.8,2010.0,139891.5,0.0,0,0.64,4.698681818181818,0.724,3722.2839524312894,14.666666666666666,12.641843457062423
13,2003,3111,,783.33,2266.27,783.33,783.33,3723.6,3723.6,2165.44,130.37,0.6236,2.9335,0.174,373935.7,0.6086,54.4,2,330.63,2003.0,122632.66,0.0,0,0.8198,4.753552142775075,0.609,6673.239493637628,26.111,12.495918466000646
6,1960,2935,0.0,245.44,725.57,245.44,245.44,1236.46,1236.46,709.41,16.16,1.3476,5.309,0.7356,140379.1,0.5868,4.44,1,34.0,2000.0,55094.7,0.0,0,0.337,5.03772816166884,1.253,2194.5618666555492,8.181333333333333,11.79102922860424
13,1920,3086,0.0,2684.45,6232.61,2684.45,0.0,14693.24,0.0,4335.78,772.69,0.8393,3.9443,0.2461,702977.02,0.4242,203.33,0,318.0,2020.0,551994.54,23367.02,0,1.03,5.473463838030137,0.573,25413.31054655285,89.48166666666665,10.852359996842084
13,1970,3197,0.0,88.35,2209.08,737.92,737.92,2892.76,2892.76,2073.9,215.04,1.5146,2.236,0.312,636993.7,0.7637,57.02,1,145.59,2021.0,186572.98,0.0,0,0.9475,3.920153946227234,0.762,5464.740306799922,24.59733333333333,15.152466156888227
5,1886,3079,0.0,2470.5,3888.89,2470.5,0.0,9334.97,0.0,3521.51,375.68,1.4541,2.6102,0.35,604063.69,0.4166,0.05,1,283.62,2015.0,521252.17,8300.88,0,0.5,3.778575187209067,0.782,17801.136810832944,82.35,15.720211205820696
12,1980,3012,,104.88,368.83,104.88,0.0,337.1,0.0,358.16,10.67,0.3903,5.6597,0.392,60856.48,1.0941,5.61,1,33.74,2021.0,33047.61,0.0,0,3.44,3.2141495041952712,0.756,685.9426035513457,3.496,18.480783150400473
11,1985,2850,0.0,1234.73,3647.44,1234.73,1234.73,11465.14,11465.14,3439.77,207.67,0.347,1.8555,0.2213,684586.2,0.3181,75.44,31,499.0,2018.0,82552.59,0.0,0,3.44,9.285544208045485,0.573,17985.172524097004,41.157666666666664,6.397040245474543
13,1800,3012,3.0,143.59,159.33,143.59,0.0,807.41,0.0,265.66,28.64,0.9449,4.1386,0.0093,36363.53,0.1973,0.02,0,31.0,2000.0,32295.63,0.0001,0,1.49245628475708,5.623023887457343,0.762,1403.9708546081083,4.786333333333333,10.56371112569822
13,1980,3104,,1487.9,2339.47,1487.9,0.0,5505.58,0.0,2233.06,159.99,0.6537,4.0291,0.2525,711774.4,0.4249,41.53,0,231.99,1993.0,153067.63,0.0,0,0.4942,3.700235230862289,0.687,10569.890318095688,49.59666666666667,16.053033467863518
13,1920,2870,0.0,842.99,2399.41,842.99,0.0,5117.26,0.0,1721.23,173.08,0.8281,1.6809,0.2581,199840.25,0.4689,44.09,1,78.0,2005.0,150789.13,3341.72,0,1.04,6.070368569022171,0.683,8664.435369272956,28.099666666666668,9.785237803043035
5,2017,3104,0.0,3892.01,5037.68,3892.01,3892.01,13979.42,13979.42,4552.44,518.94,0.7719,2.4414,0.1004,1363353.0,0.3604,289.01,1,404.48,2018.0,254640.26,0.0,0,0.3337,3.5918253036348826,0.81,27067.605165833385,129.73366666666666,16.53755263093891
4,1980,2939,,2170.07,3868.26,2170.07,0.0,10569.94,0.0,3443.46,424.8,0.9667,3.408,0.1034,979011.1,0.366,140.77,0,700.0,1990.0,253351.71,0.0,0,1.0015,4.870782970134604,0.618,18801.27289154606,72.33566666666667,12.195164589392183
4,1950,3202,1.0,258.84,787.7,258.84,0.0,1155.71,0.0,708.9,78.8,0.7256,2.0311,0.3474,169524.3,0.6816,34.05,1,32.77,2017.0,32936.25,0.0,0,0.5,4.464959048060579,0.783,2114.1582879968946,8.627999999999998,13.30359346202767
13,1960,3227,0.0,622.24,1667.26,622.24,0.0,2519.15,0.0,993.24,255.45,0.8018,1.7716,0.03,306014.25,0.6618,0.06,1,73.75,1990.0,72903.1,919.1,0,0.5,4.048518256621239,0.744,4716.78710515746,20.741333333333333,14.672034614850247
13,1970,3083,0.0,1489.99,2373.21,1489.99,0.0,6351.42,0.0,2128.03,242.65,0.6883,1.3138,0.173,419407.48,0.3736,0.03,0,465.0,2003.0,214231.07,5516.3345,0,1.4893580108803,4.2627265954805065,0.655,11703.884691414349,49.666333333333334,13.934743096819297
8,1985,3424,0.0,190.1,712.42,190.1,0.0,806.25,0.0,510.17,53.35,1.1109,3.0768,0.3799,32383.94,0.8836,0.1,0,31.4,2002.0,38398.74,871.44,0,0.92,4.24118884797475,2.189,1498.8700781718312,6.336666666666667,14.005506976744185
13,1978,3128,0.0,359.7,1243.85,359.7,0.0,1664.01,0.0,1180.97,62.88,0.1414,1.0825,0.0104,205236.5,0.7475,4.57,5,32.0,2023.0,50622.78,3717.7366,1,2.016,4.626105087572977,0.787,3010.514129216207,11.99,12.840175239331495
4,1950,3108,,351.01,1177.13,351.01,34.61,1512.83,149.17,1115.04,71.89,1.0023,3.7323,0.408,218892.8,0.7781,27.49,1,88.2,2017.0,80228.19,0.0,0,0.64,4.30993418990912,0.73,2789.1976320270915,11.700333333333331,13.782112993528685
13,1922,3147,0.0,86.48,792.88,321.4,0.0,1586.41,0.0,730.08,87.8,0.3374,2.0665,0.0747,238760.6,0.4998,31.3,1,65.03,2018.0,53019.51,0.0,0,0.64,4.935936527691351,0.886,2825.1420731489657,10.713333333333331,12.034190404750348
13,1800,3012,3.0,186.96,191.27,186.96,0.0,1008.2,0.0,271.05,32.5,1.0808,3.7934,0.0547,36726.16,0.1897,0.02,0,31.0,2000.0,44236.76,0.0001,0,1.49245617315079,5.3925973470261015,0.762,1764.799807544954,6.232,11.015100178536006
13,1990,3012,,368.17,903.29,368.17,0.0,1466.83,0.0,827.89,128.39,1.1874,3.9062,0.2829,190357.0,0.6158,34.78,1,219.64,2021.0,76603.15,546.5613,2,1.0035,3.984110601081022,0.708,2764.000316299367,12.272333333333334,14.90922465452711
6,1900,2975,0.0,434.707,1706.89,434.71,0.0,3424.06,0.0,1643.43,63.46,1.4283,5.5738,2.1,140204.97,0.4985,41.78,0,440.6,1989.0,331416.35,15597.022,0,5.9371,7.876653401117987,0.632,5529.230037722734,14.490333333333332,7.541273809454273
4,1930,2846,0.0,110.0,503.4,110.0,0.0,618.0,0.0,473.8,9.56,0.8855,1.9842,0.0105,32076.65,0.8146,3.69,1,57.5,2017.0,28433.33,419.576,0,0.9101,5.618181818181818,0.834,1078.7615221987314,3.6666666666666665,10.572815533980584
4,1900,2900,0.0,152.47,355.59,152.47,0.0,695.47,0.0,263.94,19.73,1.1516,3.2958,0.1827,40017.79,0.5113,7.69,1,25.0,2019.0,25932.48,756.19,0,0.98,4.561356332393258,0.67,1270.7381000049318,5.082333333333334,13.0224423770975
4,1950,3169,,432.52,1329.86,432.52,0.0,2066.08,0.0,1255.19,95.54,1.302,2.1499,0.112,336963.3,0.6437,25.5,1,80.83,2012.0,15888.38,0.0,0,0.5229,4.776842689355406,0.76,3704.554093959539,14.417333333333334,12.43499186865949
4,1900,2915,,159.18,651.01,159.18,0.0,725.55,0.0,619.11,31.9,1.2659,0.9641,0.1049,125999.2,0.8973,3.31,1,88.38,2020.0,79624.62,0.0,0,4.6708,4.558047493403693,0.806,1325.3471657360249,5.306,13.031895803183794
6,1960,2935,0.0,319.62,871.91,319.62,319.62,1706.11,1706.11,821.51,50.4,0.4664,4.0927,0.3061,143866.3,0.5111,13.4,1,34.0,2022.0,106495.18,0.0,0,3.8923,5.337932544897065,0.857,2982.098293758722,10.654,11.1279038280064
13,1976,2909,0.0,351.03,948.54,351.03,0.0,1414.35,0.0,759.58,77.34,0.6498,1.3887,0.4632,87755.02,0.6707,10.32,1,50.0,2007.0,50518.82,2134.74,0,0.96,4.0291428083069825,0.818,2657.0918470295724,11.701,14.74258988227808
13,1974,3012,,714.29,1835.96,714.29,0.0,3063.14,0.0,1692.15,176.34,1.1304,5.7258,0.2189,372071.3,0.5994,58.2,0,140.12,1995.0,190966.96,1100.6993,2,2.6909,4.288370269778381,0.697,5641.911544917863,23.809666666666665,13.85141586737792
8,1950,3012,0.0,214.9,660.8,214.9,0.0,995.05,0.0,469.66,34.75,1.4258,3.9572,0.1297,66307.9,0.6641,0.07,1,248.0,2012.0,72418.0,4939.35,0,2.58,4.630293159609121,1.104,1805.4079337423937,7.163333333333333,12.828561378825189
4,1960,2900,2.0,382.202,642.94,382.2,198.09,1356.96,696.78,608.02,34.92,1.4159,2.2639,0.2329,212587.11,0.4738,12.66,1,61.1,2016.0,58191.9,1916.0428,0,1.1099,3.550392464678179,0.811,2646.549782045197,12.74,16.730544747081712
8,1950,3085,1.0,217.25,584.22,217.25,0.0,1013.71,0.0,388.99,38.46,0.7763,2.7454,0.0948,45262.27,0.5763,13.93,0,30.3,2005.0,33520.44,5042.18,0,2.68,4.666098964326813,0.618,1835.4779092960816,7.241666666666666,12.730120054058853
7,1930,2918,1.0,374.46,564.45,374.46,0.0,1416.07,0.0,409.34,56.45,1.2209,4.6968,0.4155,76053.46,0.3986,21.79,0,78.2,2012.0,52167.71,2324.65,0,1.06,3.781632217059232,0.594,2709.316834635674,12.482,15.707503160154513
4,1900,2922,0.0,47.61,186.72,47.61,47.61,233.5,233.5,126.04,12.88,1.5748,5.734,0.2396,14376.01,0.7997,5.27,4,6.5,2021.0,15989.29,239.32,0,0.95,4.9044318420499895,0.88,429.0170939757623,1.587,12.11149464668094
13,1950,3012,,1459.22,3834.53,1459.22,0.0,8319.61,0.0,3506.65,381.56,1.2569,3.4501,0.4919,787796.5,0.4609,145.56,0,391.27,2000.0,341517.96,0.0,0,1.1399,5.7014089719165035,0.682,14265.905002109548,48.64066666666667,10.418477308431523
7,1900,2964,2.0,435.0,1145.88,435.0,0.0,2137.58,0.0,813.19,97.68,1.133,3.2321,0.0752,90837.24,0.5361,0.01,0,89.0,2015.0,114635.46,5420.2,0,1.79,4.913977011494253,0.705,3805.6625511895218,14.5,12.087968637431114
13,1996,3113,0.0,841.3,2546.1,841.3,0.0,3143.65,0.0,2485.51,133.74,0.3059,1.4806,0.1568,310813.14,0.8099,0.01,0,121.0,2005.0,33059.36,0.0,2,0.866272172086321,3.736657553785808,0.769,6022.29911994818,28.043333333333333,15.896559731522272
4,1979,3349,1.0,257.99,750.54,257.99,0.0,1261.39,0.0,680.77,125.23,0.6097,0.7908,0.111,64634.27,0.595,9.96,0,67.0,2004.0,30097.84,0.0,0,0.4819,4.889298034807551,0.853,2254.4995995307795,8.599666666666668,12.148983264493932
13,1980,2923,0.0,2696.55,5064.3,2696.55,0.0,9947.8,0.0,4393.34,405.72,0.4368,1.38,0.07,791844.9,0.5091,0.05,1,570.0,2022.0,315746.66,4591.01,0,0.5,3.6890842001817137,0.852,19106.87384174783,89.885,16.101557128209254
13,1939,3056,0.0,1119.711,2929.74,1119.71,0.0,5851.05,0.0,2168.45,247.67,1.6554,2.9794,0.1628,391786.93,0.5007,128.13,1,208.6,2006.0,375874.92,14957.6776,0,1.0281,5.225504818211858,0.712,10238.77488654766,37.32366666666667,11.3673227882175
4,1982,2845,0.0,233.526,506.79,233.53,0.0,811.66,0.0,386.94,22.67,1.7179,3.1,0.4916,75265.21,0.6244,11.08,1,33.8,2004.0,53700.59,1609.6217,0,2.4,3.475613411553119,0.715,1597.7166851958996,7.784333333333333,17.090508340930935
4,1967,3049,,150.35,426.01,150.35,150.35,670.02,670.02,398.91,27.1,1.5358,3.1458,0.2161,99871.05,0.6358,8.63,1,21.84,2016.0,44988.68,0.0,0,0.4627,4.456401729298304,0.677,1231.9047865832438,5.011666666666667,13.32913942867377
12,1960,2964,0.0,116.5,446.16,116.5,0.0,423.59,0.0,373.07,20.22,1.907,4.7502,1.2657,20111.82,1.0533,0.06,0,65.0,2015.0,61781.37,1451.62,0,2.25,3.6359656652360512,0.684,827.6596799414446,3.8833333333333337,16.336787931726434
4,1909,2838,0.0,433.85,1157.27,433.85,433.85,2351.99,2351.99,1042.83,144.08,0.5733,1.1504,0.0768,277174.2,0.492,9.65,1,41.3,2020.0,37002.7,0.0,0,0.3438,5.421205485766969,0.773,4090.577027310014,14.461666666666668,10.95697260617605
4,1990,3111,0.0,430.99,973.75,430.99,430.99,1912.82,1912.82,903.41,70.34,1.2841,4.8865,0.3284,258802.5,0.5091,32.26,2,194.88,2003.0,106212.73,0.0,0,0.9241,4.43820042228358,0.679,3495.882430724215,14.366333333333332,13.383802971528947
13,1950,3012,,951.78,1881.37,951.78,0.0,4218.41,0.0,1684.65,302.13,0.8687,2.849,0.2433,451261.8,0.446,68.23,1,225.8,2020.0,139434.6,797.8882,2,1.2155,4.432127172245687,0.739,7696.343978415962,31.726,13.402142513411452
13,1970,2915,1.0,723.0,1589.48,723.0,0.0,2548.38,0.0,1255.22,96.96,1.468,4.8458,0.37,227706.6,0.6237,0.07,1,100.0,2016.0,150611.83,1042.0,0,0.5,3.5247302904564317,0.877,4972.111865289975,24.1,16.85235325971794
13,1970,2958,0.0,897.6199,2278.85,897.62,897.62,4032.73,4032.73,2036.89,241.96,1.008,2.2776,0.2601,433819.7,0.5651,85.85,31,953.72,2017.0,168436.68,0.0,0,0.864,4.492691784942403,0.831,7331.815594734671,29.920666666666666,13.221472302881672
4,1950,2915,1.0,247.6,802.62,247.6,0.0,1222.46,0.0,754.22,48.4,0.3955,2.3437,0.0023,159055.3,0.6566,20.76,1,28.68,2020.0,24674.74,0.0,0,0.4928,4.937237479806139,0.882,2180.265355850271,8.253333333333334,12.03101941985832
13,1960,2924,2.0,176.1,1515.93,631.01,631.01,2877.41,2877.41,1400.41,178.9,0.6437,1.4816,0.3262,137487.8,0.5268,19.52,31,139.77,2003.0,104936.35,0.0,0,3.44,4.5600069729481305,0.829,5214.969245725046,21.033666666666665,13.026295870244422
11,1984,3123,0.0,975.0,2686.55,975.0,975.0,6782.0,6782.0,2378.01,308.54,2.1183,5.9984,1.0544,479415.8,0.3961,122.26,31,321.0,2017.0,610284.91,0.0,0,1.1513,6.955897435897436,0.715,11172.255289206918,32.5,8.539516366853436
13,1976,3012,,2947.0,5027.6,2947.0,0.0,12725.2,0.0,4538.78,488.82,1.2752,4.5404,0.4187,1136454.0,0.3951,103.01,0,766.0,2002.0,486857.52,1651.5,2,0.462,4.318018323719037,0.576,23353.63157435101,98.23333333333332,13.756310313393897
4,1912,3334,,315.2,957.99,315.2,315.2,1833.67,1833.67,880.16,107.16,1.6387,3.0915,0.0914,258740.3,0.5224,34.23,31,180.0,2019.0,111515.77,0.0,0,0.4834,5.817480964467006,0.741,3144.057404133711,10.506666666666666,10.210604961634315
4,1993,3083,0.0,206.35,862.55,206.35,0.0,906.09,0.0,761.15,99.43,0.8862,1.8552,0.2982,74751.35,0.952,0.04,0,50.0,2005.0,51762.13,306.1547,0,0.496185722006689,4.391034649866731,0.736,1667.5849644147163,6.878333333333333,13.527563487070818
4,1950,3091,0.0,197.81,598.32,197.81,197.81,821.31,821.31,576.16,30.2,1.2112,3.3119,0.2187,98721.95,0.7285,0.0,1,34.1,2009.0,34991.64,0.0,0,0.5027,4.152014559425711,0.76,1535.3576715852537,6.593666666666667,14.30630821492494
4,1896,2845,0.0,835.8501,1966.77,835.85,0.0,4370.91,0.0,1769.64,269.01,0.7048,4.8639,0.0555,512659.6,0.45,78.27,1,285.0,2019.0,128304.82,0.0,0,0.3823,5.229299515463301,0.822,7651.336503197554,27.861666666666668,11.359073968578628
7,1954,3288,,21.93,772.76,303.02,0.0,1321.33,0.0,712.88,59.88,0.2416,0.8965,0.0057,161476.1,0.5848,2.45,4,37.5,2023.0,33109.06,0.0,0,1.2632,4.360537258266781,0.764,2430.223782317436,10.100666666666664,13.622174627080293
4,1980,2966,,292.8,772.26,292.8,292.8,1272.94,1272.94,725.48,46.78,0.2701,1.5395,0.0058,157638.8,0.6067,13.14,4,25.2,2023.0,7144.02,845.6316,1,0.943,4.347472677595628,0.887,2343.5608676451902,9.76,13.663110594372084
13,1965,3029,,516.51,1911.64,723.13,0.0,3339.77,0.0,1754.49,153.91,1.1764,4.0513,0.7035,163482.19,0.5724,0.04,1,130.0,2018.0,179123.77,1657.2596,0,0.951237517307324,4.618491834110049,0.799,6030.860979378299,24.104333333333333,12.861341349853433
4,1952,3191,1.0,66.53,1021.52,306.24,0.0,1650.16,0.0,971.81,49.71,1.6252,1.0391,0.7874,209273.2,0.619,5.38,1,89.99,2019.0,77734.01,0.0,0,1.3579,5.388453500522466,0.795,2878.711717090715,10.208,11.023571047655986
13,1900,3012,,456.8,1197.83,456.8,0.0,2118.85,0.0,1108.34,125.29,1.3461,3.2277,0.303,249705.6,0.5653,41.96,1,142.08,2020.0,127439.87,0.0,0,0.5275,4.638463222416812,0.709,3827.0115136982586,15.226666666666668,12.805965500153386
4,1975,3182,0.0,608.0,1335.48,608.0,0.0,2130.44,0.0,1003.41,103.9,1.4639,1.792,0.41,290755.16,0.63,0.0,1,185.8,2018.0,106695.94,883.5,0,0.5,3.504013157894737,0.685,4166.075450326397,20.266666666666666,16.951991137980887
4,1930,2996,1.0,76.94,263.79,76.94,0.0,418.63,0.0,252.21,7.8,1.2728,2.7264,0.1901,58815.29,0.6301,0.02,0,24.0,2017.0,23706.21,229.9265,0,0.956313709422624,5.440992981544061,0.745,740.9014285570353,2.5646666666666667,10.91712490743616
6,1800,2964,2.0,201.5,729.03,201.5,0.0,1062.19,0.0,480.57,27.4,1.0657,3.9965,0.0143,51751.77,0.6863,0.01,0,24.0,2010.0,48950.21,2510.73,0,2.03,5.271414392059554,0.643,1867.8699020909075,6.716666666666667,11.268322993061505
13,1965,3062,,702.65,1435.77,702.65,702.65,2959.53,2959.53,1339.05,108.19,1.0619,3.181,0.4156,457754.4,0.4851,25.59,0,162.82,1997.0,112808.49,0.0,0,0.5726,4.211954742759554,0.728,5478.360747949209,23.421666666666667,14.102715633901326
11,1995,3056,0.0,635.136,2225.91,635.14,0.0,3965.37,0.0,1836.92,81.11,1.1326,2.9,0.2251,256065.86,0.5613,33.24,1,87.6,2022.0,122102.6,8386.2635,0,1.44,6.243300689611739,0.647,6679.564785789766,21.171333333333333,9.514198170662512
13,1986,2952,,1919.54,7309.45,7367.01,0.0,26669.56,0.0,6229.45,1080.0,1.0618,1.7091,0.1509,3448634.0,0.2741,309.77,1,907.12,2014.0,459034.15,0.0,0,0.3312,3.6201335412874425,0.782,51503.57443163162,245.567,16.40823448155875
13,2017,2850,,495.6901,1511.65,495.69,495.69,2112.06,2112.06,1359.53,184.87,0.6917,4.5417,0.1492,249420.1,0.7157,48.53,2,499.0,2018.0,95457.96,0.0,0,0.3341,4.260848514192338,0.662,3900.9362664728096,16.523,13.94088520212494
4,1920,2975,0.0,22.4,746.84,223.25,223.25,1102.02,1102.02,695.58,89.07,0.2437,1.3998,0.0058,170801.4,0.6777,8.99,1,55.96,2010.0,13688.11,0.0,0,0.4588,4.936259798432251,0.719,1967.0118026511109,7.441666666666666,12.033402297598956
4,1985,3273,0.0,735.396,1506.93,735.4,0.0,3253.49,0.0,1173.53,77.54,1.0986,3.3084,0.5371,187972.81,0.4632,25.17,19,100.0,2006.0,245608.11,12836.537,0,4.72,4.424109328256731,0.732,5941.775273721203,24.513333333333332,13.426431309148022
11,1990,2870,,2089.21,4904.06,2089.21,0.0,16488.53,0.0,4604.69,299.37,1.3207,4.951,0.4217,954634.4,0.2974,144.55,1,1832.0,2006.0,606211.55,0.0,0,0.368,7.892231991996974,0.636,26526.907316131023,69.64033333333333,7.526387980007922
5,1890,2939,,675.46,1797.44,675.46,0.0,2900.92,0.0,1704.72,92.72,1.0221,4.5207,0.0551,320064.5,0.6196,20.91,1,82.5,2010.0,138122.59,0.0,0,0.5054,4.2947324786071714,0.744,5341.656135420318,22.515333333333334,13.830896405278326
13,1978,3012,,1536.69,3173.17,1536.69,0.0,6499.56,0.0,2877.93,304.52,0.9838,4.2889,0.5798,694664.8,0.4882,106.79,0,258.0,2009.0,311881.08,0.0,0,0.6915,4.229584366397908,0.709,12002.307590308495,51.223,14.043933127780956
4,1950,3020,,242.33,1321.77,339.8,339.8,1908.94,1908.94,1236.98,84.79,0.9255,1.9195,0.2264,296108.9,0.6924,32.01,1,90.9,1990.0,88481.73,0.0,0,0.497,5.617834020011772,0.661,3297.0231144631366,11.326666666666666,10.573470093350238
4,1500,2951,2.0,650.85,1532.07,650.85,0.0,2787.66,0.0,1670.92,88.56,1.3932,3.2134,0.3422,146980.46,0.5496,0.04,0,465.1,1994.0,119396.97,899.31,0,0.51,4.283106706614427,0.658,5137.381645701238,21.695,13.86843804481178
13,2021,3012,0.0,846.41,2932.88,846.41,762.09,6684.74,6001.68,2750.17,182.71,0.1457,1.3132,0.0097,891410.9,0.4387,17.9,19,149.45,2021.0,122356.45,12839.9258,2,1.2969,7.897756406469678,0.788,10767.28761030468,28.213666666666665,7.521123334639792
13,1900,3012,,561.6099,1370.81,561.61,0.0,2934.6,0.0,1233.76,203.23,1.0029,1.2464,0.2063,306372.7,0.4671,70.37,1,107.44,2021.0,75117.49,0.0,0,0.477,5.2253343067253075,0.746,5143.120886641106,18.720333333333333,11.367693723164995
4,1900,2939,0.0,987.0,1570.35,987.0,987.0,3860.58,3860.58,1430.43,195.37,1.2782,3.3595,0.3163,570609.6,0.4068,29.09,0,109.25,1997.0,128231.64,0.0,0,0.5142,3.911428571428571,0.625,7293.848704318936,32.9,15.186267348429512
13,1973,2975,0.0,448.23,1463.55,448.23,0.0,2252.5,0.0,1344.2,119.35,1.4489,4.2092,0.6249,100965.0,0.6497,0.06,1,132.5,2013.0,167770.25,1328.4478,0,0.758288823419376,5.025321821386342,0.726,3987.8369732160977,14.941,11.820138512763595
4,1900,3236,,93.69,562.95,186.97,186.97,855.6,855.6,534.35,47.5,1.6518,2.7335,0.0921,92885.64,0.658,11.33,1,23.4,2019.0,60551.9,0.0,0,0.5561,4.576135208857036,0.771,1558.9053823707573,6.232333333333333,12.98038569424965
4,1950,3085,1.0,75.84,291.84,75.84,0.0,358.67,0.0,185.47,30.21,1.2368,3.5502,0.0492,17996.47,0.8137,0.17,1,26.2,2004.0,12373.73,193.63,0,0.54,4.729298523206751,0.642,656.4406087479148,2.528,12.560002230462544
13,1942,3259,1.0,169.24,448.31,169.24,0.0,902.64,0.0,315.72,36.41,1.5295,2.2809,0.2906,53504.01,0.4967,16.66,1,176.6,2010.0,53476.04,1491.6,0,1.09,5.3334909004963365,0.69,1585.5511703759078,5.641333333333334,11.13717096516884
13,1965,2845,0.0,1193.03,2232.95,1193.03,0.0,5484.24,0.0,2019.71,337.41,0.3948,3.1091,0.0412,703574.9,0.4072,62.64,1,285.0,2019.0,137550.6,0.0,0,2.1822,4.596900329413343,0.822,9906.384887034752,39.76766666666666,12.921750689247736
13,2019,3260,0.0,1372.86,3339.69,1372.86,1372.86,6793.58,6793.58,3080.26,316.02,0.4913,1.3088,0.0371,657447.4,0.4916,21.12,1,119.31,2019.0,218201.88,5816.5898,2,1.0187,4.948487099922789,0.736,12042.160965175735,45.76199999999999,12.003668757856683
11,1986,2845,,793.47,2578.48,793.47,0.0,5800.62,0.0,2545.48,75.05,1.3159,5.8496,0.8152,441959.7,0.4445,12.3,1,163.22,2019.0,201291.67,0.0,0,3.44,7.310446519717191,0.753,9472.200874442871,26.449,8.125358668556121
13,1934,2925,0.0,873.5201,1911.55,873.52,0.0,4623.5,0.0,1780.41,220.12,0.8918,2.1498,0.1549,522043.4,0.4134,58.84,1,221.8,2019.0,115271.82,0.0,0,0.64,5.2929526513416985,0.773,8069.786454853252,29.11733333333333,11.222469557694389
13,1932,3329,,167.32,2800.47,1002.82,1002.82,5415.01,5415.01,2589.99,349.64,0.8113,2.0126,0.3032,573080.7,0.5172,106.79,1,202.48,2018.0,209602.6,77.76,1,0.4947,5.399782613031252,0.751,9405.102448614289,33.42733333333334,11.000442843134175
4,2017,3096,,810.92,2178.76,810.92,810.92,3935.64,3935.64,2061.53,131.09,1.1245,3.2157,0.2795,499108.2,0.5536,16.98,1,108.6,2017.0,169512.92,0.0,0,0.9989,4.853302421940512,0.773,7015.930139823961,27.030666666666665,12.23908894106168
4,1800,3025,0.0,825.3101,2065.44,825.31,825.31,5129.1,5129.1,1847.45,263.01,1.2664,4.5347,0.1983,448048.4,0.4027,105.06,1,282.54,2017.0,232258.99,0.0,0,0.3106,6.214755667567339,0.756,8642.417057700375,27.51033333333333,9.557897876820494
4,1974,2997,2.0,114.08,421.21,143.82,29.74,618.37,127.87,405.97,18.36,0.4202,3.3859,0.0244,100521.3,0.6812,5.15,31,19.07,2003.0,10692.27,0.0,0,0.32,4.299610624391601,0.756,1148.444723346043,4.794,13.815204489221662
4,1970,2961,0.0,64.78,187.93,64.78,0.0,272.51,0.0,114.84,11.29,1.2038,5.7,0.0302,6721.86,0.6896,7.57,0,24.7,2005.0,24938.32,1399.248,0,8.0,4.206699598641555,0.665,516.0723468579401,2.1593333333333335,14.120333198781696
7,1927,3005,0.0,156.031,421.61,156.03,0.0,731.05,0.0,319.23,25.23,1.5827,4.6036,1.1751,61277.55,0.5767,16.99,1,24.45,2011.0,46047.44,1999.4308,0,2.72,4.685316926232135,0.741,1326.2495166701692,5.201,12.677904384105055
4,1970,2866,0.0,592.79,1928.89,592.79,0.0,3275.18,0.0,1860.7,66.06,0.9863,1.4,0.2519,299940.05,0.5889,0.01,0,98.4,1990.0,104175.12,1381.0143,0,4.62233931949837,5.525025725805091,0.775,5665.5624415185,19.759666666666664,10.751081161951406
13,1954,3182,0.0,1293.14,3030.88,1387.61,0.0,5883.85,0.0,2613.26,485.84,1.1447,3.1158,0.317,500089.6,0.5151,111.74,1,204.0,2023.0,337944.17,0.0,0,0.9701,4.240276446551985,0.837,10858.96416267299,46.25366666666666,14.008520611504371
13,1880,3005,0.0,1930.25,2892.5,1930.25,0.0,9683.45,0.0,2513.56,444.3,1.3737,3.0654,0.2673,477261.2,0.2987,69.45,1,448.59,2020.0,388725.05,0.0,0,0.9268,5.016681776971895,0.751,17101.04345618363,64.34166666666667,11.840495897639787
13,1970,3185,0.0,753.01,1599.22,753.01,0.0,3466.94,0.0,1490.95,99.45,1.2811,2.6,0.0983,251147.52,0.4613,0.03,1,240.0,2023.0,192623.53,2204.1604,0,0.950380820517137,4.6041088431760535,0.793,6265.002016452009,25.10033333333333,12.901519495578231
13,1992,2862,0.0,584.874,1773.74,584.87,0.0,2620.97,0.0,1692.31,81.43,0.6652,2.7,0.0953,282196.16,0.6767,18.04,0,738.2,2007.0,120255.19,5463.2865,0,0.7967,4.481286439721647,0.583,4773.021921334669,19.49566666666667,13.255122340202297
4,1930,2943,,1063.94,2698.45,1063.94,0.0,4561.55,0.0,2549.82,148.63,1.4468,3.1827,0.178,591540.9,0.5916,55.32,1,222.78,2022.0,259189.82,0.0,0,0.497,4.28741282403143,0.798,8396.008440022482,35.464666666666666,13.854509103265338
8,1960,3122,0.0,211.944,586.31,211.94,0.0,798.85,0.0,547.3,24.89,0.9714,2.3192,0.5741,47448.13,0.7339,13.2,19,50.0,2005.0,133332.83,7307.4053,0,12.8272,3.769227139756535,0.787,1534.8228752177192,7.064666666666667,15.759198848344491
4,1900,2922,0.0,55.401,188.07,55.4,0.0,332.4,0.0,179.33,8.73,1.1202,5.7,0.0337,27577.92,0.5658,5.82,0,27.0,2001.0,17187.86,311.1354,0,0.4466,6.0,0.664,581.0186046511627,1.846666666666667,9.9
13,1981,3231,0.0,2641.181,5604.87,2641.18,0.0,14037.03,0.0,4738.44,349.25,1.9562,3.6899,1.3109,675548.83,0.3993,261.8,1,459.6,2019.0,1446424.46,63485.2458,0,4.08,5.31468131668421,0.753,24444.303578833777,88.03933333333333,11.176587355017404
4,1853,2900,,574.0599,2050.93,574.06,0.0,3050.8,0.0,1909.3,182.09,0.94,2.0296,0.4672,415057.6,0.6723,17.14,1,113.36,2019.0,79935.62,0.0,0,0.3666,5.314427063373167,0.768,5325.248242430431,19.13533333333333,11.177122066343252
13,1903,3012,0.0,490.7,2763.4,490.7,0.0,2893.35,0.0,2528.4,230.6,1.2658,2.7013,0.0742,418077.0,0.9551,0.12,0,106.0,1999.0,235401.34,1987.8024,0,0.948700833723653,5.896372529040146,0.734,4936.770512935957,16.356666666666666,10.073990357198404
6,1974,2997,2.0,146.29,394.78,146.29,0.0,608.77,0.0,378.0,25.96,0.3846,3.2688,0.0283,96250.99,0.6485,7.01,0,23.68,2001.0,15124.05,0.0,0,0.358,4.161391756100896,0.747,1140.5721597644267,4.876333333333333,14.274070667082809
4,1900,2845,0.0,909.57,1923.12,909.57,0.0,4162.91,0.0,1489.68,178.86,1.3688,1.2696,0.046,158566.29,0.462,68.77,1,285.0,2019.0,121280.91,2245.95,0,0.4,4.576789032180041,0.794,7531.486568646928,30.319000000000003,12.978531363877671
6,1920,2892,0.0,301.4,1168.11,301.4,301.4,1943.71,1943.71,1115.51,52.6,1.337,2.5467,0.7247,192738.0,0.601,15.9,1,77.92,1999.0,115446.45,0.0,0,0.64,6.4489382879893835,0.736,3262.825264476371,10.046666666666663,9.210818486296825
13,1980,3012,,717.3299,1963.62,717.33,0.0,3040.5,0.0,1804.83,278.22,1.212,3.505,0.4465,371036.5,0.6458,69.16,0,322.0,1995.0,195710.75,0.0,0,1.3047,4.238634937894693,0.699,5618.1505559764755,23.911,14.013945732609772
13,1980,3012,0.0,402.56,808.72,402.56,0.0,1510.95,0.0,673.53,135.19,0.3839,4.9086,0.4038,202481.1,0.5352,43.63,0,78.01,1995.0,69109.29,0.0,0,0.4851,3.7533535373608906,0.741,2896.513083867897,13.418666666666669,15.825847314603395
8,2000,2862,0.0,613.7499,2196.55,613.75,0.0,4239.39,0.0,2127.35,97.88,0.9029,1.9552,1.1687,362430.9,0.5181,20.46,1,171.15,2023.0,152488.93,1250.0,2,0.64,6.907356415478616,0.768,7000.654859944111,20.458333333333332,8.599527290482829
4,1930,3166,,163.9,1748.68,808.46,0.0,3520.66,0.0,1641.34,136.46,0.6892,0.8794,0.0424,394391.5,0.4967,16.5,1,95.34,2013.0,108433.26,0.0,0,0.64,4.354773272641812,0.924,6455.807420593119,26.948666666666668,13.640204961569708
13,1962,2924,0.0,1620.11,2779.58,1620.11,0.0,6900.85,0.0,2371.83,549.13,0.8694,2.0007,0.145,458630.6,0.4028,145.66,1,560.0,2019.0,240372.57,0.0,0,1.2921,4.259494725666777,0.756,12717.870654719638,54.00366666666666,13.945316011795647
4,1930,3208,0.0,320.16,815.89,320.16,0.0,1515.11,0.0,573.46,36.38,1.1906,3.3,0.0245,92700.05,0.5385,18.79,0,67.4,2013.0,45621.4,510.0927,0,0.5328,4.732352573713142,0.708,2726.782794155248,10.672,12.5518965619658
4,1942,3259,0.0,169.48,280.92,169.48,0.0,794.19,0.0,177.58,33.54,0.5772,1.1442,0.0677,46802.95,0.3537,8.27,1,176.6,2010.0,16346.38,876.3,0,0.95,4.686039650696248,0.654,1439.5278863939493,5.649333333333333,12.675949080194911
11,1980,2925,0.0,965.09,2593.24,965.09,0.0,6844.24,0.0,2445.88,333.95,0.7094,5.3199,0.2541,591708.3,0.3789,76.43,1,221.8,2019.0,145838.67,0.0,0,0.3549,7.09181527111461,0.778,11234.21645356528,32.169666666666664,8.375852687807559
4,1600,2891,0.0,884.7601,1732.88,884.76,884.76,3815.73,3815.73,1596.01,177.74,0.4565,1.466,0.0202,550413.4,0.4541,21.08,1,148.8,2012.0,55561.95,658.3041,1,0.4489,4.312728875627289,0.783,7014.128884301302,29.492,13.773182064768733
13,1990,3231,1.0,368.67,1176.38,368.67,0.0,1590.47,0.0,935.87,44.21,1.2617,3.5136,0.4004,90472.27,0.7396,12.56,1,222.8,2019.0,98011.78,2311.84,0,0.98,4.3140749179483,0.773,2930.9249379321395,12.289,13.768884669311587
4,1850,2888,1.0,342.12,927.94,342.12,0.0,1576.57,0.0,839.67,88.27,0.9757,5.9814,0.1196,596522.13,0.5886,0.1,0,120.2,2001.0,255778.98,3813.3077,0,3.29129040687679,4.608236875949959,0.665,2855.8519974495553,11.404,12.889962386700244
8,2005,3107,2.0,106.94,948.76,314.38,314.38,1402.82,1402.82,887.09,61.67,0.3607,1.3,0.1034,177767.7,0.6763,7.67,4,31.5,2019.0,48075.26,0.0,0,1.9998,4.462179527959794,0.722,2563.75134478543,10.479333333333331,13.311880355284355
8,1700,2855,1.0,122.4,497.18,122.4,122.4,553.5,553.5,483.02,14.16,1.4093,5.7322,0.0897,65342.48,0.8982,0.05,0,23.7,1991.0,64396.14,0.2632,0,2.15084336526674,4.522058823529411,0.581,1016.291757865937,4.08,13.135609756097564
13,1985,2864,0.0,1744.27,4280.81,1744.27,0.0,8026.44,0.0,3817.18,721.91,1.1289,1.824,0.8463,647567.2,0.5333,152.91,1,645.0,1994.0,230959.45,1133.6068,2,0.3283,4.601604109455532,0.734,14488.215742560926,58.14233333333333,12.908542018628433
13,2000,2975,2.0,1542.28,2832.92,1542.28,0.0,5830.42,0.0,2651.41,181.51,0.7679,3.05,0.1686,608988.6,0.4859,87.26,1,743.34,2018.0,229227.24,0.0,0,1.8527,3.780390071841689,0.736,11120.863340758162,51.40933333333333,15.712664267754295
4,1960,3108,0.0,538.0,1416.44,538.0,0.0,2140.2,0.0,1282.4,134.04,1.5107,3.1415,0.4735,173664.0,0.6618,0.05,1,105.0,2019.0,135081.32,799.7128,0,0.4954850208,3.978066914498141,0.798,4029.115596092331,17.933333333333334,14.93187552565181
13,1970,2958,0.0,897.7,2289.27,897.7,897.7,4032.84,4032.84,2117.3,250.29,0.9717,3.4417,0.3619,433626.1,0.5677,38.59,1,492.0,2016.0,210016.72,0.0,0,0.8648,4.492413946752813,0.818,7332.134451142584,29.923333333333336,13.222289999107332
6,2003,2873,,153.76,645.98,153.76,0.0,713.7,0.0,607.84,38.14,1.1827,1.596,0.3891,106587.9,0.9051,5.26,1,34.34,2022.0,31208.43,0.0,0,0.64,4.641649323621229,0.655,1298.0756456452823,5.125333333333333,12.797175283732658
4,2000,3012,0.0,82.12,96.07,82.12,82.12,317.7,317.7,40.86,39.78,0.9253,4.6932,0.3905,18341.51,0.3024,3.24,31,1064.0,2003.0,19399.36,11.44,2,0.8,3.8687286897223574,0.613,612.8145581621903,2.7373333333333334,15.353881019830032
4,2003,3005,0.0,401.466,1061.28,401.47,401.47,1852.34,1852.34,769.35,118.84,1.1676,2.808,0.1816,122072.41,0.5729,66.6,19,80.0,2010.0,61600.1,1677.1256,0,4.72,4.61389393977134,0.668,3351.9239298813295,13.382333333333332,12.87415809192697
5,1930,2918,,385.02,976.93,385.02,0.0,1673.53,0.0,907.96,68.97,0.8809,3.297,0.2127,198888.8,0.5838,29.51,1,109.92,2015.0,55505.68,0.0,0,0.5135,4.3466053711495505,0.64,3077.1308238653864,12.834,13.665836883712869
5,1970,2870,0.0,366.1,1037.06,366.1,321.9,1755.0,1538.29,961.42,109.85,1.3077,2.4033,0.8279,152847.8,0.5909,22.11,1,80.0,2014.0,72343.6,1607.7341,1,0.534,4.793772193389784,0.794,3146.1789909987738,12.203333333333337,12.391076923076923
8,2017,3306,0.0,82.59,255.14,82.59,82.59,410.65,410.65,238.66,16.48,0.4695,1.0163,0.0374,22481.49,0.6213,2.39,1,33.95,2017.0,48855.0,0.0,0,7.0987,4.9721515922024455,0.844,741.0746718308709,2.753,11.94653841470839
13,1990,2870,,4274.709,5203.03,4274.71,136.06,14396.36,489.64,4301.88,901.15,1.1794,2.9966,0.4515,1457385.0,0.3614,153.34,1,1844.5,2000.0,635389.05,0.0,0,0.64,3.367798049458326,0.628,28450.553084070856,142.49033333333333,17.637637152724718
12,1960,3062,0.0,173.65,809.29,173.65,173.65,829.93,829.93,790.79,18.5,0.3528,2.2289,0.0858,133533.5,0.9751,6.77,1,24.82,2012.0,57365.16,0.0,0,3.44,4.779326230924273,0.871,1496.479916677269,5.788333333333333,12.428530116997822
4,1975,2899,0.0,494.84,675.05,494.84,0.0,1645.77,0.0,637.49,37.56,1.2003,1.1171,0.222,157272.8,0.4102,6.21,1,82.96,2010.0,34772.2,0.0,0,0.3712,3.3258629051814728,0.579,3274.572937552754,16.494666666666667,17.86002661368235
13,1990,3254,0.0,420.5399,1154.32,420.54,0.0,1930.08,0.0,1085.28,75.04,0.2881,1.3027,0.3137,296008.2,0.5981,32.21,1,192.08,2018.0,16814.53,0.0,0,0.64,4.589527750035668,0.697,3496.7485832501065,14.018,12.942508082566528
12,1960,3062,0.0,182.11,821.65,182.11,182.11,920.37,920.37,800.61,21.04,1.1862,4.7107,0.5556,135572.3,0.8927,7.04,0,49.98,2007.0,121601.91,0.0,0,3.44,5.053923452858163,0.684,1636.187584312063,6.070333333333334,11.753244890641808
13,1990,2870,,3683.039,4361.56,3683.04,0.0,12562.65,0.0,3701.12,660.44,1.1591,2.9739,0.5235,1221046.0,0.3472,83.31,1,1832.0,2006.0,473030.63,0.0,0,0.3268,3.4109458490811937,0.775,24726.07748871003,122.768,17.414524483289753
4,1979,3270,4.0,391.86,823.66,391.86,0.0,1521.73,0.0,721.94,99.74,1.131,5.2976,0.3002,98269.53,0.5413,0.04,0,195.1,1993.0,245495.44,0.1638,0,0.477658052433527,3.88335119685602,1.684,2888.134549714599,13.062,15.29606697640186
4,1890,2862,0.0,615.12,1228.91,615.12,0.0,2834.58,0.0,1114.73,114.18,0.3488,1.3084,0.0379,391725.0,0.4335,19.87,1,44.19,2019.0,36667.43,0.0,0,0.6015,4.608174014826375,0.832,5123.640335997967,20.504,12.890138221535468
13,1970,2971,1.0,1042.9,4048.09,1480.2,0.0,7732.3,0.0,3791.8,256.29,0.2702,1.053,0.0209,494790.0,0.5235,0.03,7,128.3,2023.0,160574.43,5845.6591,1,4.08,5.223821105256047,0.793,13526.767587346778,49.34,11.370986640456268
8,1930,2918,0.0,253.82,594.5,253.82,0.0,1164.42,0.0,440.17,48.38,1.3008,4.8593,0.1362,66913.83,0.5106,17.74,0,74.8,1996.0,73501.85,5729.83,0,2.19,4.5875817508470575,0.655,2115.282280136262,8.460666666666667,12.947998144999229
13,1960,2975,4.0,3151.67,4872.86,3151.67,0.0,12435.24,0.0,4182.95,689.91,1.0287,2.8853,0.5655,1160653.0,0.3919,225.99,1,743.34,2018.0,473492.18,0.0,0,0.64,3.9456034419847255,0.694,23408.55936846549,105.05566666666668,15.054731392397734
13,1984,2864,0.0,862.6001,1665.76,862.6,0.0,3296.58,0.0,1521.05,255.29,0.8853,1.7268,0.5008,274847.1,0.5053,43.76,1,645.0,1994.0,71022.21,1133.6068,2,0.3177,3.821678645954092,0.733,6272.528291751816,28.753333333333337,15.54290810476312
11,1980,2925,0.0,965.09,2606.93,965.09,0.0,6844.24,0.0,2428.76,358.16,0.7068,2.7511,0.2547,593967.1,0.3809,68.26,1,221.8,2019.0,128705.77,0.0,0,0.3549,7.09181527111461,0.773,11234.21645356528,32.169666666666664,8.375852687807559
4,1850,2888,0.0,427.0,956.07,427.0,0.0,2087.49,0.0,897.11,58.96,0.98,4.5396,0.0411,596522.13,0.458,0.02,0,120.2,2001.0,255778.98,624.1573,0,0.422464336647399,4.888735362997657,0.648,3721.49783399597,14.233333333333333,12.150381558714054
4,1930,3012,1.0,460.0,583.51,460.0,0.0,1787.88,0.0,411.73,48.27,1.3615,3.1,0.2568,66701.25,0.3264,48.54,0,89.0,2001.0,38580.3,1162.9978,0,0.7842,3.886695652173913,0.757,3390.3838078867548,15.333333333333334,15.282904892945837
13,2004,3194,0.0,299.41,630.82,299.41,0.0,1189.16,0.0,583.66,47.16,0.4401,3.2928,0.1933,122118.6,0.5305,26.35,31,105.7,2004.0,23441.48,0.0,0,0.3744,3.9716776326775993,0.671,2245.022862355397,9.980333333333334,14.955896599280164
4,1940,3083,0.0,678.14,1361.51,678.14,0.0,2942.4,0.0,1248.88,113.68,1.0208,1.5327,0.2143,229462.88,0.4627,0.04,1,60.1,2017.0,81239.65,1006.0705,0,0.559884374746731,4.338927065207774,0.893,5402.891664916554,22.604666666666667,13.69002039151713
4,1890,3012,0.0,1027.85,6253.35,3752.43,201.97,20148.0,1111.82,5548.35,705.0,1.3262,3.1303,0.0554,1500029.0,0.3104,216.56,19,500.0,2019.0,579881.86,0.0,0,0.3313,5.369320680199231,1.035,34995.828659715015,125.081,11.062851995235258
6,2001,2936,1.0,1169.65,2520.48,1169.65,0.0,8982.6,0.0,2433.84,79.08,0.4898,1.9768,0.0757,305950.38,0.2806,0.0,1,285.0,2013.0,271081.82,2.7253,2,4.96715989375109,7.679733253537383,0.813,14529.547339295495,38.98833333333334,7.734643644379133
8,1960,3122,,179.75,412.49,179.75,179.75,724.3,724.3,383.54,43.3,0.9854,1.2215,0.1412,106734.4,0.5695,10.61,1,34.13,2000.0,17409.39,0.0,0,0.3142,4.029485396383866,0.762,1366.5834174294614,5.991666666666666,14.74133646279166
13,1950,3354,1.0,291.47,826.84,291.47,0.0,1196.18,0.0,643.72,37.13,1.2177,1.3036,0.5835,61770.45,0.6912,8.87,1,34.0,2019.0,75778.06,1841.43,0,0.99,4.103955810203451,0.778,2237.60713874844,9.715666666666667,14.473840057516428
4,1942,3259,1.0,135.02,304.72,135.02,0.0,570.85,0.0,231.75,16.62,0.7371,1.9658,0.1906,38423.91,0.5338,4.94,1,27.9,2005.0,14463.91,349.06,0,0.52,4.227892164123833,0.635,1065.8370098257049,4.500666666666667,14.049554173600772
4,1970,3299,1.0,353.01,1333.45,618.43,0.0,2448.01,0.0,1228.29,94.77,0.8444,1.9097,0.1121,146274.97,0.5447,0.01,19,700.0,1994.0,138777.73,0.3625,0,0.462629106566877,3.958426984460651,0.798,4613.423265449506,20.61433333333333,15.005960759964214
4,1839,3085,2.0,1360.2,3477.81,1360.2,0.0,8057.06,0.0,3277.07,200.74,1.2046,4.0778,0.1058,742886.1,0.4316,88.38,0,362.18,1999.0,215295.77,0.0,0,1.0,5.9234377297456255,0.679,13702.344886832649,45.34,10.027960571225732
7,1950,2951,0.0,225.47,784.67,225.47,0.0,1049.39,0.0,571.79,23.77,1.2367,2.914,0.17,80675.81,0.7477,0.04,1,33.7,2015.0,50856.2,330.9,0,0.5,4.654233379163526,0.801,1900.7937854088088,7.515666666666666,12.762574448012654
4,1750,2991,,248.21,1663.93,738.95,738.95,3663.47,3663.47,1546.99,116.94,1.4104,2.0049,0.1983,372608.4,0.4542,69.33,19,103.52,2015.0,151094.64,0.0,0,0.5475,4.957669666418567,0.577,6497.693861712434,24.631666666666668,11.981435633429513
8,1940,2971,0.0,157.91,506.39,157.91,0.0,783.74,0.0,354.72,21.42,1.3395,3.139,0.23,87920.13,0.65,0.0,0,25.6,2003.0,101861.8,260.14,0,0.5,4.963206890000634,0.899,1401.402566406436,5.2636666666666665,11.968068492101974
13,1970,3012,1.0,1063.74,5221.24,4048.13,0.0,17251.66,0.0,4359.26,1014.77,0.8783,1.1529,0.2688,1324894.0,0.3027,85.82,19,400.0,2021.0,335728.0,0.0,0,0.3883,4.261636854547655,1.106,31770.256150873724,134.93766666666667,13.93830634269398
13,2017,2874,0.0,110.25,257.28,110.25,0.0,430.58,0.0,238.46,18.82,0.3057,2.3148,0.0818,64635.45,0.5975,1.73,1,29.63,2017.0,6206.34,0.0,0,0.3712,3.905487528344671,0.765,824.2708036703052,3.675,15.209368758418876
13,2009,2904,0.0,1075.44,2928.68,1075.44,0.0,4327.38,0.0,2732.87,195.81,1.2278,3.0543,0.1782,285153.18,0.6768,0.02,0,130.0,2022.0,291789.79,4529.7413,0,1.31610361529089,4.0238228074090605,0.764,8107.863096329205,35.848,14.762081444199492
4,1980,2885,0.0,1035.05,2050.02,1035.05,0.0,4561.2,0.0,1771.11,278.92,1.035,1.744,0.2123,339559.03,0.4494,0.03,1,160.0,1997.0,191525.21,1522.8848,0,0.4462655547078,4.406743635573161,0.758,8333.416742534626,34.501666666666665,13.479340962904498
5,2004,2975,0.0,3052.515,6497.05,3052.52,0.0,12588.43,0.0,6239.64,251.57,1.3427,2.2076,0.4806,1075651.54,0.5161,139.33,1,424.35,2012.0,850801.88,16594.718,0,2.308,4.123946771847523,0.9,23398.907034113996,101.75066666666666,14.403677662742693
8,1900,2879,1.0,127.33,340.4,127.33,127.33,578.5,578.5,321.26,16.14,1.4281,3.8156,0.1001,78753.74,0.5884,0.05,5,33.5,2011.0,43393.91,976.5183,0,2.35969333966713,4.543312652163669,0.861,1060.3514108247082,4.2443333333333335,13.074160760587729
13,1970,2939,,1070.46,2852.15,1070.46,0.0,4767.97,0.0,2633.21,225.98,0.9602,2.873,0.493,575269.4,0.5982,101.94,1,647.51,2018.0,200556.34,0.0,0,0.6688,4.454131868542496,0.702,8685.83665917152,35.682,13.335932063330937
4,1982,3206,0.0,222.93,1055.0,482.82,0.0,2180.62,0.0,944.94,110.06,0.4296,0.8599,0.0256,156740.54,0.4838,0.04,1,50.0,2020.0,28502.27,764.9703,0,0.50115584472533,4.516424340333872,0.875,3965.281211005498,16.094,13.151997138428522
5,1990,3065,,244.4,820.1,244.4,244.4,1054.81,1054.81,780.04,40.06,0.9968,4.5628,0.3822,135315.1,0.7775,14.11,1,52.67,2018.0,48633.48,0.0,0,0.54,4.3159165302782325,0.725,1947.947129435796,8.146666666666667,13.763009451939212
4,1920,3135,1.0,49.22,173.89,49.22,0.0,230.63,0.0,165.36,8.53,0.8918,1.8841,0.0864,40450.31,0.754,2.84,1,23.7,2018.0,11201.65,0.0,0,0.6066,4.685696871190573,0.763,428.0163154197733,1.6406666666666667,12.676876382083858
13,2009,2904,0.0,1075.44,2928.68,1075.44,0.0,4327.38,0.0,2732.87,195.81,1.2278,3.0543,0.1782,285153.18,0.6768,0.02,0,130.0,2022.0,283154.36,4145.4443,0,1.31621048760208,4.0238228074090605,0.764,8107.863096329205,35.848,14.762081444199492
6,1940,2971,0.0,125.44,545.01,125.44,0.0,651.64,0.0,420.61,28.02,1.5032,5.5834,0.25,72096.53,0.84,0.0,0,25.6,2003.0,48422.91,242.72,0,0.5,5.1948341836734695,0.786,1155.7383010006329,4.181333333333333,11.434436191762323
13,1929,2914,0.0,1476.44,3536.29,1476.44,0.0,8958.71,0.0,3159.41,465.56,0.7207,3.5332,0.2047,960742.2,0.3947,58.31,31,108.0,2017.0,141463.46,0.0,0,0.5001,6.067777898187531,0.77,15156.380698035646,49.214666666666666,9.789415663639073
13,1990,2862,,815.1099,5875.45,1932.27,1932.27,16265.67,16265.67,5481.18,655.98,0.5483,2.168,0.2447,1092916.0,0.3612,76.11,1,387.2,2007.0,331498.51,6366.984,1,0.5372,8.417907435296309,0.793,25891.909303701235,64.409,7.056385503947885
13,1970,3168,1.0,572.6,1194.62,572.6,0.0,2562.35,0.0,1097.6,97.02,0.9434,4.469,0.4409,610062.17,0.4662,0.07,1,342.0,2016.0,263945.93,1673.6581,0,0.890963233575925,4.474938875305623,0.712,4668.3054367809555,19.086666666666662,13.273924327277696
13,1963,3194,1.0,602.02,1844.12,602.02,0.0,3375.1,0.0,1691.67,152.44,0.8207,1.033,0.1605,211584.23,0.5464,0.02,1,285.0,2018.0,133696.99,0.0001,0,0.471583791812974,5.606292149762466,0.761,5818.995465596573,20.067333333333337,10.595238067020237
4,1985,3128,0.0,1047.36,2233.33,1047.36,0.0,4302.67,0.0,1947.46,350.71,0.8884,6.2304,0.252,371004.9,0.5191,52.53,1,112.62,2023.0,251043.77,0.0,0,0.64,4.108109914451574,0.813,8014.438128192966,34.912,14.459204168574397
4,2017,3182,0.0,165.1,604.88,165.1,0.0,739.47,0.0,443.8,21.14,0.2145,1.5578,0.02,67416.3,0.82,0.0,1,24.1,2017.0,11616.69,222.88,0,0.5,4.478921865536039,0.863,1356.473509782655,5.503333333333333,13.26212016714674
13,1960,2871,0.0,892.08,1740.78,892.08,0.0,3822.68,0.0,1251.61,167.97,0.9063,2.1319,0.3999,232891.89,0.4554,0.06,0,93.0,2003.0,132016.7,6942.25,0,1.29,4.285131378351717,0.711,7039.144386383117,29.736,13.861885378844162
4,1950,3152,0.0,104.85,2188.28,1245.76,1245.76,5210.17,5210.17,1953.29,258.52,0.4202,2.0387,0.0527,731990.7,0.42,69.19,1,198.46,2019.0,108494.4,0.0,0,0.64,4.182322437708708,0.78,9653.758440181342,41.525333333333336,14.20263523071224
4,1960,3371,1.0,122.56,404.92,122.56,0.0,575.28,0.0,385.37,19.56,1.5216,4.2855,0.1835,52159.91,0.7039,0.02,0,33.0,2017.0,47139.43,0.0516,0,0.551234081984335,4.693864229765013,0.726,1046.1932205962717,4.085333333333334,12.654818523153944
4,1965,3096,,435.5,1347.25,435.5,435.5,1810.0,1810.0,1287.79,70.01,1.2541,5.1386,1.0178,329533.1,0.7443,10.05,0,105.0,1991.0,111800.21,0.0,0,0.3744,4.156142365097589,0.583,3367.697109265835,14.516666666666667,14.292099447513811
4,1980,2850,,755.97,1343.08,755.97,755.97,2657.91,2657.91,1190.29,214.13,1.3186,2.4807,0.5013,396391.4,0.5053,39.35,1,163.7,2018.0,107810.61,0.0,0,0.5016,3.5158934878368187,0.822,5189.432564184441,25.199,16.894709753151915
13,1980,3032,0.0,1323.32,4013.16,1323.32,1323.32,6262.58,6262.58,3739.88,358.31,0.21,1.3,0.0129,622039.8,0.6408,29.04,31,158.88,2014.0,96499.19,5439.5381,1,1.2625,4.7324758939636675,0.816,11226.368280395069,44.11066666666667,12.551569480948746
4,1830,3020,0.0,251.881,724.27,251.88,0.0,1111.46,0.0,694.93,29.35,0.8691,2.6571,0.3236,66180.47,0.6516,11.99,1,28.4,2020.0,51382.78,863.4016,0,1.0625,4.412656820708274,0.842,2039.948358059024,8.395999999999999,13.46127795872096
4,1900,3068,0.0,407.15,1359.88,407.15,407.15,2311.03,2311.03,1268.59,117.64,0.5174,1.0327,0.0055,347932.4,0.5884,9.63,5,58.0,2019.0,38734.31,0.0,0,0.4177,5.676114454132384,0.708,3978.98190925387,13.571666666666664,10.464905258694172
13,1908,2946,0.0,1521.48,2496.05,1521.48,255.31,5986.97,848.08,2332.42,217.34,1.0121,2.5465,0.1637,509075.08,0.4169,0.03,4,150.9,1999.0,226022.55,5917.3551,1,0.717866768744928,3.9349646396929305,0.709,11285.07435128342,50.716,15.095434251382589
5,1970,3197,0.0,423.39,1206.75,423.39,423.39,2402.06,2402.06,1138.1,75.63,1.069,3.9774,0.3476,199116.4,0.5024,26.49,1,88.3,2018.0,94960.07,0.0,0,0.64,5.673398049080045,0.795,4135.470814302279,14.113,10.469915822252569
4,1900,3123,0.0,560.8,3069.46,1155.93,0.0,6312.45,0.0,2025.48,141.41,1.3701,2.9111,0.4056,343995.74,0.4863,54.46,31,283.0,2023.0,237638.05,2508.6,0,0.46,5.460927564817938,0.733,10933.017433857243,38.531,10.877273008103035
12,1980,2868,,451.48,1695.7,607.22,607.22,3674.85,3674.85,1635.69,60.01,1.2258,5.7357,0.1806,318412.0,0.4614,23.92,0,241.61,1999.0,138862.22,0.0,0,0.64,6.051925167155232,0.567,6231.245542943327,20.240666666666662,9.81505857381934
8,1980,3174,0.0,202.21,705.63,202.21,202.21,833.14,833.14,662.7,62.07,1.3384,5.4295,0.3766,116429.2,0.8469,18.89,1,94.81,2010.0,150335.67,0.0,0,6.3898,4.120172098313634,0.715,1560.5517566050185,6.740333333333334,14.4168735146554
13,1978,2888,0.0,727.2,2130.76,727.2,0.0,3249.8,0.0,2071.36,190.79,0.6689,5.7472,0.4844,91125.66,0.6557,0.05,0,186.0,2004.0,160944.06,0.5702,0,0.855420301018396,4.468921892189219,0.678,5919.254827692072,24.24,13.291796418241123
4,1939,2958,0.0,483.0,1336.67,483.0,483.0,2382.8,2382.8,1238.73,126.89,0.5088,0.912,0.0121,274802.5,0.561,11.11,31,953.72,2017.0,30700.07,951.2192,1,0.64,4.933333333333334,0.802,4236.494573643411,16.1,12.04054054054054
5,2006,3066,,1970.54,3935.92,1970.54,0.0,7728.98,0.0,3575.78,370.74,1.1771,2.7959,0.324,791000.6,0.5092,192.72,0,347.0,2003.0,284638.97,0.0,0,1.0963,3.9222649629035695,0.668,14578.939042950728,65.68466666666667,15.144310892252278
8,1990,2930,1.0,215.4,779.75,215.4,215.4,946.21,946.21,712.35,67.4,0.2907,1.4912,0.2038,128657.7,0.8241,14.74,4,18.0,2020.0,13554.42,0.0,0,0.5,4.39280408542247,1.88,1740.6568618686706,7.180000000000001,13.52211454116951
13,1920,2869,0.0,1695.09,4957.03,1695.09,1695.09,8160.57,8160.57,4688.55,402.87,0.7181,1.7257,0.155,991639.3,0.6074,72.96,1,223.12,2018.0,185723.53,0.0,0,1.1221,4.814239951860963,0.84,14561.327603576512,56.503,12.338396214970276
13,1980,3197,,4095.31,5574.41,4095.31,0.0,18082.18,0.0,5032.47,541.94,0.9829,3.3579,0.4215,1382589.0,0.3083,133.65,1,931.88,2017.0,644212.94,25206.2832,2,0.64,4.415338521381776,0.586,32980.1177209905,136.51033333333334,13.453102114899863
4,1920,3191,,192.59,1021.02,306.27,0.0,1656.29,0.0,971.31,49.71,1.2532,1.0391,0.1304,209289.6,0.6165,5.38,1,89.99,2019.0,59568.14,0.0,0,0.64,5.4079407059130835,0.797,2887.00839576115,10.209,10.983848239136863
4,1994,3291,0.0,93.87,304.94,93.87,93.87,380.42,380.42,254.07,15.72,0.9935,2.2453,0.1513,18008.79,0.8016,5.46,1,20.0,2020.0,19741.89,479.51,0,1.0,4.052625972089059,0.639,722.4057073736316,3.129,14.657163135481836
6,1980,3194,1.0,492.26,1589.1,492.26,0.0,2443.01,0.0,1521.53,67.57,1.3885,5.7668,0.761,205540.91,0.6505,0.02,0,372.0,2002.0,173451.36,0.3941,2,4.76656662785822,4.962844838093691,0.715,4336.890550018157,16.408666666666665,11.968941592543622
13,1960,2895,0.0,2125.02,3593.68,2125.02,0.0,9927.37,0.0,3229.57,616.91,0.3807,1.2998,0.0151,592960.3,0.362,139.59,1,273.93,2013.0,136394.2,0.0,0,0.3517,4.671659560851192,0.811,17846.48180038798,70.834,12.71496760974961
7,1927,3005,0.0,156.031,421.61,156.03,0.0,731.05,0.0,319.23,25.23,1.8609,4.6036,1.1751,61277.55,0.5767,16.99,1,24.45,2011.0,58995.61,1999.4308,0,2.72,4.685316926232135,0.751,1326.2495166701692,5.201,12.677904384105055
4,1912,3096,,800.0,1814.88,800.0,800.0,3655.0,3655.0,1702.1,156.63,1.4826,2.9571,1.0285,536863.8,0.4965,21.18,0,300.0,1997.0,181464.55,459.0,2,2.0,4.56875,0.606,6617.2721414728685,26.666666666666668,13.001367989056089
13,1976,3012,0.0,7564.07,17340.44,12478.53,0.0,57114.34,0.0,15524.32,1816.12,0.5449,1.2408,0.1643,2988648.0,0.3036,323.47,19,10000.0,2020.0,1623601.47,0.0,0,1.9672,4.577008670091749,1.229,103154.63296399477,415.951,12.977908560267004
11,1995,3022,0.0,1980.7,6192.72,1980.7,0.0,15947.0,0.0,6019.5,173.23,1.3752,4.9187,0.912,743114.4,0.3883,30.88,2,942.02,2006.0,873940.95,0.0,0,0.8,8.051194022315343,0.744,25570.659783617335,66.02333333333334,7.377787671662382
8,1975,2939,0.0,220.98,492.51,220.98,0.0,898.58,0.0,399.26,37.31,1.0032,4.7064,0.3306,43885.34,0.5481,0.05,1,524.0,2009.0,56456.71,4996.48,0,2.34,4.066340845325369,0.875,1688.2391775747358,7.366,14.607727748224976
13,1972,2944,0.0,456.0,3150.22,1390.0,0.0,6209.0,0.0,2777.07,373.15,1.0276,2.6205,0.4804,702169.2,0.5074,90.79,1,340.2,2017.0,309356.45,0.0,0,0.3016,4.466906474820144,0.708,11298.34645585857,46.333333333333336,13.29779352552746
5,1930,2939,,2161.63,4058.8,2161.63,55.97,11678.68,302.38,3732.24,404.79,0.8975,4.449,0.3179,1282153.0,0.3475,174.21,1,273.0,2000.0,296392.69,0.0,0,0.982,5.402719244273997,0.599,20262.93474688011,72.05433333333333,10.994463586638217
13,1900,2909,0.0,1224.33,3111.7,1224.33,1224.33,7425.25,7425.25,2883.18,285.94,1.7408,2.9667,0.7135,682420.3,0.4191,131.64,31,530.0,2009.0,575765.19,0.0,0,1.34,6.064745615969551,0.625,12566.497105064964,40.811,9.794310225244942
4,1980,2870,0.0,1840.8,2350.8,1840.8,1840.8,6733.21,6733.21,2100.09,419.27,1.455,3.2444,0.5053,387880.5,0.3491,96.67,1,244.0,2018.0,218209.21,0.0,0,0.4885,3.6577629291612346,0.739,12969.851738399888,61.36,16.239434088644195
4,2019,2951,0.0,269.0,528.12,269.0,269.0,956.0,956.0,488.18,82.91,0.5773,1.6033,0.1198,91099.8,0.5524,17.42,1,29.74,2017.0,46423.36,0.0,0,0.5054,3.553903345724907,0.788,1867.11907437826,8.966666666666667,16.714016736401675
13,1975,2939,,3347.619,6850.04,3719.4,0.0,16496.07,0.0,5977.87,872.17,1.0345,5.0233,0.1479,1966058.0,0.4153,532.94,19,450.0,2002.0,591392.39,0.0,0,1.13,4.43514276496209,0.924,30052.349149225116,123.98,13.393029976230704
13,1942,3239,0.0,489.55,1437.57,489.55,0.0,2962.0,0.0,1015.14,85.61,0.9766,2.674,0.1513,131468.37,0.4853,16.83,1,73.0,2017.0,130788.2,1996.79,0,1.02,6.050454499029721,0.773,5026.2788828769335,16.318333333333335,9.81744429439568
8,1980,2946,0.0,172.5,627.65,172.5,0.0,696.5,0.0,603.38,11.13,1.2246,3.7846,0.2595,77190.0,0.9011,0.0,1,24.7,2016.0,76307.97,0.3699,0,2.61662581405112,4.0376811594202895,0.771,1313.8611054937646,5.75,14.711414213926776
4,1958,2855,0.0,403.01,1237.33,403.01,284.58,1887.23,1382.39,959.76,75.39,1.0469,2.7869,0.3457,117128.19,0.6556,23.66,1,104.5,2019.0,80346.25,1190.92,1,0.75,4.682836654177316,0.693,3401.981455698966,13.433666666666666,12.68461925679435
8,1900,2838,0.0,118.972,341.07,118.97,0.0,460.55,0.0,332.28,8.79,1.4063,5.7,0.6515,40795.42,0.7406,5.43,1,34.4,1995.0,77418.55,5412.3237,0,8.1362,3.8711439858787937,0.753,882.9873079266288,3.9656666666666665,15.344301378786232
4,1940,2946,,809.83,1684.91,809.83,0.0,3392.36,0.0,1586.8,98.11,1.3533,1.4691,0.1875,400354.3,0.4967,33.59,1,116.0,2018.0,122439.64,0.0,0,0.5475,4.188977933640394,0.756,6287.206391165262,26.994333333333337,14.180069921824336
4,1912,3334,,315.2,957.99,315.2,315.2,1833.67,1833.67,880.16,107.16,1.6387,3.0915,0.0914,258740.3,0.5224,34.23,2,179.9,2020.0,111515.77,0.0,0,0.4834,5.817480964467006,0.746,3144.057404133711,10.506666666666666,10.210604961634315
13,1960,3108,,2808.95,4584.09,2808.95,0.0,11819.26,0.0,3944.6,639.49,0.9892,3.464,0.5967,898771.0,0.3878,300.11,1,331.84,2017.0,516183.72,0.0,0,0.3639,4.207714626461845,0.779,21846.80740744527,93.63166666666666,14.1169269480492
13,1964,3479,,813.0601,1572.39,813.06,813.06,3447.82,3447.82,1394.4,241.58,1.1974,3.2043,0.6166,259442.9,0.4561,60.87,0,97.44,2000.0,240210.39,0.0,0,1.5662,4.240548053034217,0.627,6368.2935821435985,27.101999999999997,14.007623367809222
13,1970,2902,1.0,615.4001,1403.97,615.4,0.0,2550.82,0.0,1274.56,208.26,0.7815,2.8789,0.3947,175498.8,0.5504,76.7,1,99.8,2019.0,84525.88,59.21,1,0.6,4.144978875528112,0.838,4744.509665308755,20.513333333333332,14.330591731286408
13,1967,3348,,775.5399,1629.65,775.54,0.0,2897.95,0.0,1459.16,170.49,1.3655,4.2698,0.7948,151415.0,0.5623,50.91,19,169.64,2006.0,233226.34,0.0,0,0.8389,3.73668669572169,0.792,5552.474091094918,25.851333333333333,15.896435756310495
13,1979,2855,,911.67,1450.23,911.67,0.0,3594.46,0.0,1280.51,207.74,1.1412,3.8545,0.5943,294419.6,0.4035,92.05,1,176.02,2019.0,142562.18,0.0,0,1.8781,3.942720501936008,0.792,6776.192890187978,30.389,15.065739499118086
7,2001,2866,0.0,156.1,587.13,156.1,0.0,1015.53,0.0,555.88,31.25,0.5833,4.0944,0.1466,139608.5,0.5782,5.02,0,27.86,2001.0,32468.72,0.0,0,0.5577,6.505637411915439,0.697,1711.168540142723,5.203333333333333,9.130542672299194
4,1999,2939,2.0,231.97,704.94,231.97,0.0,1114.86,0.0,653.94,51.0,0.6861,3.131,0.3333,116313.6,0.6323,20.3,19,50.37,1999.0,42074.49,0.0,0,0.977,4.806052506789671,0.865,2002.600715659904,7.732333333333333,12.35941553199505
8,1985,3191,1.0,346.73,1150.94,346.73,346.73,1703.68,1703.68,1090.2,60.74,0.2347,1.0828,0.0021,189905.3,0.6756,9.49,4,25.2,2023.0,18028.51,1155.1901,1,1.0,4.913563868139475,0.731,3036.2184435424033,11.557666666666668,12.088985020661156
4,1912,3096,,280.5,724.14,280.5,280.5,1315.0,1315.0,680.93,56.33,1.524,3.4461,0.9474,231412.5,0.5507,7.62,0,300.0,1997.0,69483.27,459.0,2,0.4142,4.688057040998218,0.614,2374.0602951540027,9.35,12.670494296577948
5,2000,3288,0.0,1124.58,2362.77,1124.58,0.0,4480.42,0.0,2202.87,197.14,0.2609,1.1632,0.0495,389857.1,0.5274,23.17,1,113.22,2019.0,65290.23,7872.3936,1,3.1533,3.984082946522258,0.807,8418.076744963597,37.486,14.909328143343703
13,2000,2924,,1107.04,3387.37,1492.96,1492.96,6420.55,6420.55,3034.92,561.03,0.8663,1.376,0.205,568524.1,0.5276,174.52,1,171.15,2015.0,131567.27,0.0,0,0.3341,4.30055058407459,0.826,11802.594985085558,49.76533333333334,13.81218493742748
6,1956,2855,1.0,109.96,357.11,109.96,0.0,384.81,0.0,331.16,25.95,0.2079,1.4,0.0741,24837.23,0.928,0.1,5,16.88,2021.0,23428.89,1071.6303,0,4.07999999999999,3.499545289196071,0.581,761.3991009838674,3.6653333333333338,16.97363374132689
8,1930,3113,0.0,109.0,244.49,109.0,0.0,471.7,0.0,435.71,18.72,1.1906,2.6282,0.0179,59196.15,0.5183,0.01,0,79.1,1994.0,62382.28,0.5596,0,6.37309824935684,4.327522935779816,0.638,877.6600881871843,3.6333333333333337,13.72609709561162
7,1900,3365,0.0,398.3,1009.61,398.3,0.0,1836.0,0.0,719.38,48.0,1.5844,1.0,0.15,106047.9,0.55,0.03,1,61.2,2022.0,140574.47,586.96,0,0.5,4.6095907607331155,0.855,3323.2683071659203,13.276666666666667,12.886176470588238
4,1970,3169,0.0,652.5,1343.38,652.5,0.0,3250.13,0.0,1247.2,96.18,0.9969,1.9801,0.0114,227232.65,0.4133,0.03,0,103.5,1997.0,95607.56,987.6937,0,0.428353137096299,4.98104214559387,0.775,5759.670723336007,21.75,11.925215299080344
13,1990,2948,0.0,4011.16,7438.8,4011.16,0.0,20563.55,0.0,6766.68,672.12,1.1723,3.5499,0.6993,1227402.0,0.3617,277.01,1,681.24,2020.0,918217.93,0.0,0,1.5989,5.126584329720081,0.802,36108.74595453955,133.70533333333333,11.58666203063187
4,1850,3079,0.0,131.74,775.82,237.49,237.49,1044.77,1044.77,723.82,57.04,1.4034,2.6,0.1859,153796.5,0.7426,22.21,0,43.73,2003.0,73077.45,0.0,0,0.3776,4.399216809128805,0.817,1919.8654798847508,7.916333333333333,13.502403399791342
7,1994,2864,,921.95,3242.9,921.95,0.0,9119.12,0.0,2966.6,499.19,1.4076,2.9172,0.7192,535079.6,0.3556,114.2,0,601.29,1994.0,355584.59,3716.9543,2,0.516,9.891122078203807,0.64,14182.484916622208,30.73166666666667,6.005385388063761
8,1960,2939,0.0,83.64,290.85,83.64,0.0,346.56,0.0,198.03,17.44,1.0651,4.6784,0.5972,20710.5,0.8392,0.07,1,204.0,2017.0,26287.24,1512.94,0,3.12,4.143472022955524,0.865,655.406230022355,2.788,14.335803324099723
5,1950,2855,,3607.58,6142.44,3607.58,1828.06,13657.42,7225.06,5849.21,408.84,1.3418,3.8877,0.132,1485061.0,0.4498,148.47,1,383.8,2019.0,514957.15,4738.3315,2,0.96,3.785756656817035,0.657,26023.691068420067,120.25266666666668,15.69039042513154
13,2022,2918,,623.9699,2207.79,623.97,138.36,3357.6,674.51,2030.79,197.79,0.1807,1.3378,0.032,364282.8,0.6576,13.16,5,65.1,2019.0,64825.01,6564.3584,1,1.8195,5.38102793403529,0.722,5842.459595430013,20.799,11.038783059328091
5,1998,3012,0.0,6157.2,8865.58,6157.2,6157.2,25210.86,25210.86,6894.01,815.27,1.1212,4.2863,0.203,1561708.28,0.3517,0.05,19,900.0,2018.0,1334071.61,34796.16,1,0.43,4.094533229389983,0.914,46943.4984834091,205.24,14.507148109981172
13,1975,3012,,4046.46,7760.72,4046.46,0.0,22669.06,0.0,6648.58,1112.14,1.1475,2.6214,0.3959,1302746.0,0.3423,691.36,19,600.0,2018.0,801000.84,7037.6353,1,1.1813,5.60219549927591,0.857,38993.86596634279,134.882,10.602985920016092
13,1897,3479,,554.46,1154.82,554.46,554.46,2713.13,2713.13,1065.43,111.73,0.9535,2.872,0.049,190544.9,0.4256,29.49,1,112.8,2015.0,114782.4,0.0,0,1.3536,4.893283555170797,0.793,4831.367447564738,18.482000000000003,12.139088064338976
4,1972,3096,,67.5,316.0,67.5,67.5,311.0,311.0,301.4,21.4,1.0704,4.5367,1.3818,55776.6,1.0161,8.25,0,300.0,1997.0,30662.57,459.0,2,3.649,4.607407407407408,0.615,574.4772609819122,2.25,12.892282958199356
13,1960,3085,1.0,180.53,671.97,180.53,0.0,766.82,0.0,504.02,35.84,1.2773,4.3343,0.4434,46557.35,0.8763,0.09,1,24.05,2009.0,39100.91,1571.28,0,1.36,4.247604276297569,0.839,1425.618084146722,6.017666666666667,13.984353564069796
6,1980,3049,,170.05,2596.44,822.56,822.56,6000.86,6000.86,2477.9,118.54,0.5941,6.1,0.3723,272626.4,0.4327,114.6,1,220.29,2023.0,193133.24,0.0,0,3.44,7.295346236140829,0.732,9802.05782165416,27.418666666666663,8.142176954636502
5,1970,2866,,496.5,5116.84,3341.1,0.0,12247.1,0.0,4667.2,726.04,1.2482,1.3,0.8379,1284185.0,0.4178,80.01,1,540.12,2020.0,289163.94,8942.0563,1,0.3341,3.665589177217084,0.729,23566.563434198317,111.37,16.2047619436438
13,1990,3014,0.0,746.33,3539.3,1188.53,0.0,5298.84,0.0,3349.47,217.41,0.4622,1.9795,0.07,583982.9,0.6679,46.84,1,144.72,2021.0,190666.02,0.0,0,0.6689,4.458314051811902,0.979,9649.036570062412,39.617666666666665,13.323422107480129
